Price,Close,High,Low,Open,Volume
Ticker,HINDALCO.NS,HINDALCO.NS,HINDALCO.NS,HINDALCO.NS,HINDALCO.NS
Date,,,,,
2019-01-01,213.9750213623047,216.85683983183068,212.8703301453944,216.61668829270351,5015702
2019-01-02,206.0980682373047,210.51684807194644,205.23351384131618,210.32472975873378,10991026
2019-01-03,200.9588165283203,207.20275690350712,199.90215849020893,205.85791407038806,8656029
2019-01-04,202.59181213378906,204.03272122338268,199.37379062830777,201.72727254310698,17408469
2019-01-07,200.3344268798828,206.29018241624146,199.71002405234574,205.37760945350453,8143876
2019-01-08,198.3651885986328,201.295040562741,197.2124640419459,200.286401079007,13402916
2019-01-09,197.59666442871094,201.00681888736943,195.09909745697965,200.28636433938604,13253349
2019-01-10,195.96365356445312,198.50925398542654,195.05108065831283,197.8848658543007,9291967
2019-01-11,197.74078369140625,199.75804783067562,195.96365643419787,195.96365643419787,13314252
2019-01-14,198.02894592285156,198.4612304033234,195.38727909087825,197.4045578074596,5204874
2019-01-15,200.286376953125,200.7666800153627,197.54864363529558,199.18168577305278,7173758
2019-01-16,200.1903076171875,202.20758631283653,198.41319510691193,201.53516496684884,8209760
2019-01-17,197.88487243652344,200.4785061825521,197.21245104424742,200.28638787871424,6537377
2019-01-18,200.57456970214844,201.15092460515305,197.8368362753944,198.50925765774318,6258424
2019-01-21,199.46986389160156,201.63122775843527,197.02032990200613,200.86275455415498,4883723
2019-01-22,195.53138732910156,198.22108751592353,193.08183868293003,198.22108751592353,7665916
2019-01-23,197.35653686523438,199.1336641623517,195.43532450410737,195.53139098523854,5821081
2019-01-24,196.9722900390625,198.07698122633496,195.24319607219948,197.88486293172494,3917176
2019-01-25,196.3959197998047,199.75804124543785,195.24319537855345,198.07698052262126,4381964
2019-01-28,192.12123107910156,198.36517108917238,190.48820354646654,196.39592553907426,5741120
2019-01-29,191.68896484375,192.79365608014425,189.6716860164274,191.2566949972343,4458350
2019-01-30,197.6927490234375,198.12501886032268,192.50546700775524,192.50546700775524,5619506
2019-01-31,200.286376953125,201.72728613983813,196.29986739962652,197.9809281174585,6553608
2019-02-01,203.07212829589844,203.98471583780437,195.4833457963623,199.8060733446848,10475839
2019-02-04,196.15577697753906,201.63122921486425,193.51411001010536,201.63122921486425,6196724
2019-02-05,196.68411254882812,200.5265372140067,194.71486697638673,197.78880377699224,4765441
2019-02-06,203.07212829589844,203.74456430734202,194.52273967451285,197.5006245153206,5888996
2019-02-07,200.9588165283203,204.27290502668964,199.99821031675313,203.55245036801423,6215565
2019-02-08,197.78880310058594,200.9107731303669,196.34789385607166,200.71865482930235,3958618
2019-02-11,191.5928955078125,196.82819614355745,187.94258917156455,196.82819614355745,8463393
2019-02-12,190.53622436523438,194.71485207419943,189.23940027691222,191.16061246246463,16467366
2019-02-14,184.19622802734375,190.7283527350789,182.8033520507212,189.8157798302356,10767206
2019-02-15,179.24911499023438,184.91668546076227,175.02243909937633,184.72456716065204,12678835
2019-02-18,177.27987670898438,181.26638656618255,176.65547388589545,179.63335896170452,6483004
2019-02-19,179.20108032226562,181.79471399729474,176.84759818488158,177.80820433546174,5513105
2019-02-20,185.39697265625,186.261512261521,180.1616724739189,180.40182399290367,7595081
2019-02-21,186.7418212890625,187.79849386956153,184.67652402262507,186.26151823568765,6498528
2019-02-22,188.71109008789062,189.23942644350905,184.72458011471923,186.64579256592236,8758060
2019-02-25,188.75912475585938,190.68033722156787,186.69382721829788,189.23942787228648,6169952
2019-02-26,188.75912475585938,189.43154618731978,181.6026112526328,185.15685138265596,9059558
2019-02-27,188.2307586669922,191.16061014599302,186.93394925207042,191.16061014599302,11910998
2019-02-28,188.0386505126953,190.392132606732,187.3181959130298,189.91182954028832,9582600
2019-03-01,188.4228973388672,191.06456434781617,187.60639087616798,190.296091125908,6512004
2019-03-05,190.92047119140625,191.59289256092043,186.83789507787932,187.31819815005895,7354264
2019-03-06,194.76287841796875,195.9156027569696,191.7849937726717,192.12121175631935,13683897
2019-03-07,192.6975860595703,195.72348935710903,192.02515007550784,195.72348935710903,5533457
2019-03-08,187.84652709960938,189.81577254991183,185.97334812305277,189.2394030228086,10050458
2019-03-11,193.12986755371094,194.04244045600137,188.37487008793534,189.2394097516449,5446100
2019-03-12,195.38729858398438,198.74942034192296,194.13852222861442,195.00306196043786,10988099
2019-03-13,194.3306121826172,197.2124304117484,192.79363659733968,195.9636395809211,4971396
2019-03-14,192.8416748046875,196.5400141571668,191.88106870354335,194.37865042959248,5106833
2019-03-15,191.20863342285156,194.5707545317167,189.47953963532683,193.56211526752017,7489589
2019-03-18,191.4488067626953,193.08183427025972,189.7197127779915,192.793649496528,3663166
2019-03-19,194.378662109375,196.2038079481435,191.59289545405494,192.12123177296795,6097075
2019-03-20,198.98959350585938,199.758081494096,195.00308313731026,195.00308313731026,8788334
2019-03-22,200.86273193359375,203.21621383645544,197.93288053474402,199.9021258787371,11359037
2019-03-25,197.35653686523438,198.36517628636346,193.9463819926965,198.36517628636346,7451785
2019-03-26,200.286376953125,201.10289802200361,196.54001893074536,197.45259181745976,5069088
2019-03-27,199.46986389160156,202.5438153394701,198.5572909682536,200.81472131446574,5731820
2019-03-28,194.378662109375,200.09426582308345,193.61017425074579,198.79744164554123,8924025
2019-04-01,207.39486694335938,210.13260040021987,200.33442036452416,200.33442036452416,18454840
2019-04-02,208.40350341796875,209.70032759665457,204.80123031904895,207.73108203770775,8273747
2019-04-03,207.4429168701172,210.46883535389523,205.66580410125215,208.49958960877393,4910619
2019-04-04,202.15956115722656,206.96259190298002,201.72729132164605,206.96259190298002,7739096
2019-04-05,206.91456604003906,208.25942349140323,201.4871469669366,202.20760160448225,7965595
2019-04-08,206.00196838378906,209.22000457517444,204.65712575144957,208.16333203713242,5032285
2019-04-09,208.59561157226562,209.26804757750605,203.26425937133115,206.00197799873527,3937427
2019-04-10,203.3603057861328,208.21136945939992,201.39106037527955,206.05000576258954,13323115
2019-04-11,202.97608947753906,204.1768472067511,201.43911372107283,202.68790469099076,5920717
2019-04-12,201.4871368408203,203.6485006448339,199.80607610436533,202.97607928178917,5530088
2019-04-15,204.36895751953125,206.2901698111367,201.72729061857373,201.72729061857373,4965812
2019-04-16,206.48226928710938,209.31605422737977,204.75317545074068,205.56969646331862,6750812
2019-04-18,199.03759765625,207.63502003967736,198.1250247163666,207.63502003967736,7237958
2019-04-22,192.5054473876953,199.6139409829835,191.73697427052699,199.13363795591076,9367081
2019-04-23,192.45742797851562,194.85894310348993,190.92045243545803,192.1212099979452,4352433
2019-04-24,192.7936553955078,193.46607678299847,189.4315338003675,192.5054706129584,6364227
2019-04-25,188.80714416503906,194.66683296149472,188.0386563035256,192.93775359519793,6735299
2019-04-26,193.22592163085938,193.94637624493072,188.7591088866917,190.0078998159527,7452786
2019-04-30,197.9329071044922,198.4612434371222,191.20866381785942,194.0424491285458,8879385
2019-05-02,196.63607788085938,199.46986311931016,193.6582075815856,196.20380804070362,7948283
2019-05-03,197.02032470703125,197.88486436789407,194.66682794349697,197.88486436789407,5320008
2019-05-06,191.06455993652344,193.03380550199333,189.04729578905832,189.23941409009973,8845838
2019-05-07,192.5535125732422,196.20381911624472,191.3527548063129,191.3527548063129,9042640
2019-05-08,192.12123107910156,194.90698306667386,188.90319459545194,192.12123107910156,7883819
2019-05-09,190.3441162109375,193.94638952800813,188.5189702600301,193.75427121596857,10482577
2019-05-10,188.08670043945312,193.12988308458364,185.97336969112644,191.25670389078698,8821650
2019-05-13,184.6284942626953,187.22212786822587,183.86000643128614,187.22212786822587,6979614
2019-05-14,185.3489532470703,186.3095593946661,180.59395574800848,183.47577419079585,8451501
2019-05-15,183.13955688476562,188.2788056573653,182.17895073345252,185.34895396432304,6684736
2019-05-16,186.93399047851562,188.18276693324884,182.5151956676959,183.71595353393073,10526494
2019-05-17,184.14817810058594,185.20485062581616,179.87348408067308,184.43636284907467,13564609
2019-05-20,190.92047119140625,191.83304409701026,186.11744046960987,186.83789507787932,5411945
2019-05-21,188.27880859375,192.12123325892858,185.58910839658765,191.88108171735493,5194195
2019-05-22,190.2000274658203,191.4968516979804,187.31820886785334,188.27881506717566,5592495
2019-05-23,184.19622802734375,193.08183485525993,183.3316883612157,193.08183485525993,7476261
2019-05-24,188.08670043945312,188.7110886181561,182.515181442819,185.3970000971793,6326402
2019-05-27,192.6975860595703,193.89834366298814,187.60637088954152,188.2787922159184,4498005
2019-05-28,193.89837646484375,198.98957783846726,192.6976186582933,192.6976186582933,12223332
2019-05-29,191.4488067626953,193.08183427025972,189.4795612428295,193.08183427025972,5123395
2019-05-30,190.7283477783203,192.8897115451562,188.56698401148444,191.25668407508408,7039964
2019-05-31,189.23941040039062,191.83304405809724,187.51031640935736,191.20865592746497,8803541
2019-06-03,191.5448760986328,192.50548232712683,186.7418449561627,189.23942701332228,5305570
2019-06-04,190.00790405273438,192.60153778968655,189.09533111943287,191.01654346646217,4728557
2019-06-06,187.1741180419922,190.63229145853788,186.06941215214908,190.0079033112647,6628617
2019-06-07,187.12606811523438,188.90318057621766,185.7812108028757,187.17410135097677,3812625
2019-06-10,190.44017028808594,190.77638830551538,187.31820028336324,189.0472942944393,3880878
2019-06-11,191.7369842529297,192.98576046218582,187.94257841535847,191.06454825387064,5966155
2019-06-12,191.4488067626953,194.90698007441642,189.3834947656901,190.77638539577896,6232564
2019-06-13,191.78500366210938,192.45743966407898,188.95121857411593,191.11258231782574,4654391
2019-06-14,190.44017028808594,192.79365243703188,189.0472942944393,190.58425534830616,3624064
2019-06-17,185.9733428955078,191.1606098628837,185.3969733846058,191.1606098628837,5976790
2019-06-18,182.46713256835938,187.60638125809595,181.8427444431479,185.82925404374575,8848621
2019-06-19,182.5631866455078,188.5189413515746,180.97817783443747,184.6765170692495,11219284
2019-06-20,186.64576721191406,187.12607025947037,180.69001235375313,182.70727635887812,6469404
2019-06-21,189.86378479003906,190.48818753316806,185.5410574541473,186.26151201012925,7596593
2019-06-24,190.3921356201172,195.24319959951453,188.75910809989963,189.2394111739452,10464941
2019-06-25,194.5227508544922,195.86759363930028,186.83790143801843,188.75911379213687,8418631
2019-06-26,200.14230346679688,200.7186583801867,193.12987542123417,193.5621452706983,6730323
2019-06-27,197.98092651367188,202.11152108930642,197.2604719261515,201.39106650178607,8700344
2019-06-28,198.8935089111328,199.4218452321354,195.53138734180857,197.88486950879818,5454954
2019-07-01,200.6706085205078,202.30365061741807,199.03758108128343,199.90213536629813,6353325
2019-07-02,201.1029052734375,201.9194117140717,197.88486877733334,200.76668725467314,3552844
2019-07-03,200.478515625,202.0154914434678,197.26049357550912,200.52654886764356,5052706
2019-07-04,198.74940490722656,201.24698673938178,198.12501677803098,200.1903141201577,4032487
2019-07-05,191.06455993652344,198.6533574179974,190.20002025299365,198.41320587727392,8694153
2019-07-08,189.81576538085938,192.6015171220442,187.31818373465646,189.23939587552474,6197157
2019-07-09,190.10397338867188,191.16064613995803,185.4930750571753,189.23943361593834,6355556
2019-07-10,186.02137756347656,189.62365067398298,184.91668633932932,188.2788079091353,5239125
2019-07-11,190.63230895996094,191.4007968978639,187.17413522592992,188.75912968848309,4524147
2019-07-12,191.01654052734375,193.51410774544027,189.62364987102995,191.16062558807917,3535841
2019-07-15,192.2653350830078,193.08185625861952,188.08670668993415,190.7283738775521,3882644
2019-07-16,191.25669860839844,194.52275379672534,189.7197228387815,191.54486873972527,6833661
2019-07-17,195.43531799316406,196.15577260458468,190.2960838929756,191.06455708567498,4790772
2019-07-18,192.64956665039062,194.90698231221995,191.49684219991536,193.9463761605428,5174253
2019-07-19,188.27880859375,195.6754731426814,187.31820242745536,194.04244559151786,6741873
2019-07-22,194.42666625976562,197.35651775837124,187.1260687888949,188.2307599265186,9147466
2019-07-23,195.09912109375,196.2038123380867,192.5054726806342,194.09048167283686,4637360
2019-07-24,189.4795684814453,195.86759369771963,187.94259273461734,195.05108724158796,5942539
2019-07-25,188.999267578125,192.36138923771045,187.75047660159868,190.10395883177105,5720563
2019-07-26,190.2000274658203,191.4968516979804,187.07805731802276,188.9992697166674,5373373
2019-07-29,185.6371307373047,190.68031281425604,184.8206096808191,188.61501554105513,6900021
2019-07-30,182.61123657226562,187.1260825851428,181.41047887428306,184.8206190104042,6033395
2019-07-31,183.04351806640625,183.7159394885523,177.52003230400533,180.59396927502135,9273653
2019-08-01,175.55076599121094,181.79470568446877,173.19728396144325,181.554554157805,11880072
2019-08-02,173.29335021972656,175.11851076909122,169.40290688969367,172.7169953023118,11797603
2019-08-05,168.82652282714844,170.98788656177766,164.84001335746225,170.98788656177766,9712978
2019-08-06,173.58152770996094,175.40668818259638,166.18486331477143,166.18486331477143,10421582
2019-08-07,169.45091247558594,176.84759127207315,168.874557602379,175.79091868466466,6387281
2019-08-08,173.91773986816406,174.63819445365132,168.49030652954832,170.50758523198712,6183264
2019-08-09,169.2587890625,177.18378925518334,166.47303728208556,173.86970119705288,14562944
2019-08-13,169.30682373046875,173.19728133496133,166.1848539311835,168.34621763838098,6836149
2019-08-14,174.6747589111328,175.30342736808203,170.22567292017897,170.8059936174924,5965374
2019-08-16,173.9010009765625,175.54522325653275,168.0011280657754,173.22397000930042,7169006
2019-08-19,175.20669555664062,176.27061187451386,171.91825108748884,174.23950427063505,5179954
2019-08-20,173.5141143798828,176.3673405388994,171.96661714530185,176.02881767855803,4539348
2019-08-21,171.24124145507812,173.03053670201973,167.56591115911723,173.03053670201973,6642215
2019-08-22,170.75762939453125,173.41740550734897,166.9855744159979,168.29128859283026,7128023
2019-08-23,174.3362274169922,175.9804496337852,166.50197218181034,167.90441133788477,7073375
2019-08-26,172.88543701171875,176.2706064077524,165.48642980651215,176.07717110818396,7974145
2019-08-27,175.2550506591797,176.46403971554568,171.86988130135492,174.0944241167018,6928021
2019-08-28,172.5469207763672,176.02881533460456,170.70926322284453,175.54521968808092,5851491
2019-08-29,173.8042755126953,174.9649021334445,169.16175427153036,170.9994266160374,5284552
2019-08-30,178.39842224121094,180.8647628683215,175.49684850535553,176.27060445321706,13905732
2019-09-03,172.5469207763672,176.5124109811282,171.5797294833199,176.5124109811282,4927852
2019-09-04,175.69029235839844,176.22225052084355,170.80598813839043,173.12724133684637,5129501
2019-09-05,178.54351806640625,182.46063098501122,176.27061263126814,176.27061263126814,5614061
2019-09-06,182.21884155273438,183.47619323946788,176.02882291397202,178.83367188131183,5570553
2019-09-09,183.04095458984375,183.8147105859787,178.68859371452382,182.31556111062375,5014192
2019-09-11,187.1031494140625,187.8285428711536,182.79915118695556,182.89587621783477,5904788
2019-09-12,190.63340759277344,191.11700323379196,187.24823810564368,187.586746199456,8635479
2019-09-13,193.77676391601562,195.27589847793638,188.79572035302655,190.1981446493018,6473051
2019-09-16,193.82510375976562,194.6472221541177,191.45548835474,191.60057588453705,5748421
2019-09-17,191.45550537109375,196.29146163082416,190.19815379193037,193.43825038921668,6911141
2019-09-18,191.50389099121094,194.2120297750437,190.6817724245972,191.89076163540028,7326216
2019-09-19,189.5211181640625,192.37432933486494,186.81297977418492,191.5038631329818,4158836
2019-09-20,195.51771545410156,201.36922577260177,188.36050573508567,189.61785737712037,14594234
2019-09-23,193.43826293945312,200.06352934839668,191.50388031005858,197.83898637295934,7366155
2019-09-24,191.31044006347656,195.71116338345638,189.61785530642032,193.38989543316424,5805761
2019-09-25,183.66961669921875,190.14981002990584,182.70242542695712,189.66621439377502,7163444
2019-09-26,189.5211181640625,190.05307629106528,184.00813111641307,184.73352453737132,8625560
2019-09-27,184.44338989257812,188.55395318354772,183.28276320911462,188.1670825417829,4392645
2019-09-30,185.0720672607422,185.6040106867478,178.68859856698964,183.18603235701858,6521755
2019-10-01,183.52455139160156,188.16707263930735,180.6229774565565,185.02370087634185,6163235
2019-10-03,176.609130859375,181.7835952712608,174.09442766757635,180.3811708889055,13862733
2019-10-04,176.1255340576172,179.6557762475044,175.59357591386458,177.9631915453072,6277398
2019-10-07,176.3189697265625,179.07545596386473,175.1583431656896,176.27060721190793,4525369
2019-10-09,179.94595336914062,181.00985499776132,174.77147375056185,176.0771879745154,4536877
2019-10-10,176.27061462402344,179.84921948643037,175.83538149016564,178.3984325347923,4351508
2019-10-11,181.05821228027344,182.99259492163995,177.28617203287604,177.479607345379,7642682
2019-10-14,182.5089874267578,184.7335302717156,180.91312775437908,183.28274338476498,5222539
2019-10-15,186.2327117919922,189.13428606631612,179.80087996233883,181.73526281188813,6691660
2019-10-16,181.78359985351562,187.78018289492235,181.00984387052202,186.18432317100942,8082988
2019-10-17,182.605712890625,183.5245416362481,176.56076751393698,179.41397878010025,9520625
2019-10-18,181.2516326904297,185.07204989955198,180.52623925955842,181.78359082470203,7347790
2019-10-22,179.65579223632812,184.68518427596712,178.978761246829,180.33282322582727,6683536
2019-10-23,179.02711486816406,181.44509310918104,177.9631985388494,179.02711486816406,5610514
2019-10-24,175.40013122558594,180.52623281419073,174.77144808637658,180.13936223480545,6890297
2019-10-25,175.7870330810547,177.38289295266316,175.0616395470201,175.5452352363765,5956396
2019-10-27,176.1255340576172,176.899275257802,175.35177809926498,176.1255340576172,365752
2019-10-29,178.25335693359375,181.9770345292115,176.4640471515061,177.38287592142902,9687658
2019-10-30,181.05821228027344,183.2343927518108,178.35007363072663,180.67134165526747,5978614
2019-10-31,181.73526000976562,184.63683423935103,180.47792298348105,181.97705786223108,6501134
2019-11-01,187.393310546875,187.97363121828724,181.2032922565937,181.8803232011295,6921052
2019-11-04,191.45550537109375,197.40374042546253,189.0858897554593,189.0858897554593,15421372
2019-11-05,192.08419799804688,196.0496734713867,190.87520887358326,192.47106861460801,8912298
2019-11-06,194.8890380859375,196.96849338309124,191.16534584703354,192.47105994591348,13028120
2019-11-07,198.4676513671875,200.4987589959397,192.71286609661357,196.2431084304989,17556268
2019-11-08,197.16195678710938,200.20860354650625,196.43656329599884,198.32258342125255,10082727
2019-11-11,193.58334350585938,197.258673600909,192.9546750293321,197.258673600909,6851401
2019-11-13,186.81298828125,195.3242744263795,186.03924707019354,190.58504309690446,13457979
2019-11-14,182.31556701660156,187.0547986644288,181.6385360323646,187.00645090411578,6720055
2019-11-15,181.59019470214844,183.9114482784284,180.96152616303894,182.31558828950722,4558349
2019-11-18,187.24822998046875,188.457219030554,181.05819718913207,182.36391126649096,8873375
2019-11-19,186.03924560546875,187.63510528841766,184.39500864950017,187.24823468593536,3476640
2019-11-20,184.49172973632812,187.490028495074,184.0081341144767,186.66791003465966,4437118
2019-11-21,182.41229248046875,186.5712034325869,181.88033429226314,183.9597897683222,6342754
2019-11-22,184.00814819335938,185.0237020285832,180.9131389283373,181.83196772852332,4635776
2019-11-25,192.71286010742188,194.0669219790627,184.10486372734607,185.21712778203909,16931103
2019-11-26,192.18089294433594,196.24309312689016,191.06862894181322,193.5833172652197,16163735
2019-11-27,196.33982849121094,196.82342412788879,192.85793400386328,192.85793400386328,7251212
2019-11-28,197.40374755859375,198.56437415123452,193.53498241101263,196.3398312397418,5421765
2019-11-29,193.58334350585938,197.7906317969845,190.10146348805094,196.3398447666888,10212511
2019-12-02,194.21202087402344,195.90460569157415,191.93911535861656,193.438264862938,5195682
2019-12-03,189.5695037841797,193.9218648404491,188.21544180327447,193.53499420538154,5815771
2019-12-04,194.50216674804688,195.1308351587984,186.47447640202418,187.82853825202776,6574810
2019-12-05,192.03582763671875,194.8406763876283,190.77847604700614,192.5194232667492,4443222
2019-12-06,191.45550537109375,194.11528131394547,189.2309625399843,192.4710591372706,3819461
2019-12-09,192.32598876953125,195.6144331642039,190.63340405735642,192.13253871017727,5743160
2019-12-10,192.5677947998047,194.01858175783988,191.2137181174043,192.1809094227611,4876818
2019-12-11,190.14984130859375,193.43828627194887,188.3121687341082,193.43828627194887,4757660
2019-12-12,194.84068298339844,197.5488215548786,190.8268450215359,190.8268450215359,10621630
2019-12-13,201.41758728027344,202.14298075187105,198.56437591028973,200.20859816094406,14246993
2019-12-16,199.87008666992188,204.70604342223712,199.43485351384726,203.1101835972406,8779955
2019-12-17,206.6887664794922,207.75268275418742,200.01515278016305,201.07905429669108,16629136
2019-12-18,206.6404266357422,208.4297365418048,205.23800212572576,207.51090770821946,11721371
2019-12-19,209.20347595214844,210.12230471272244,204.222432025807,205.4314211208169,6847801
2019-12-20,208.42971801757812,210.9444212147927,207.75268708237957,209.20347398273395,8175626
2019-12-23,208.0911865234375,212.15340148215395,206.35025412189262,209.6870609024095,10295626
2019-12-24,209.15509033203125,211.13783518045366,208.09117414268283,211.08947267036217,7782646
2019-12-26,207.94610595703125,210.4608089555921,207.26907507531604,209.63869054040242,7436907
2019-12-27,208.38136291503906,210.02558517562798,207.36580909703272,209.0100461157897,5252162
2019-12-30,210.79933166503906,211.81488543726215,204.2224281610157,209.20347199309376,11352906
2019-12-31,209.05841064453125,212.20178262593464,208.42974215151824,209.8805292198583,9432449
2020-01-01,207.26910400390625,210.31575077592893,206.2051876426011,209.0583991011597,5085208
2020-01-02,212.92715454101562,213.94270833737548,208.91331662941207,208.91331662941207,15238841
2020-01-03,209.34854125976562,212.73371060483328,208.9616706664533,212.105042201159,8658243
2020-01-06,202.4331512451172,208.57480742444253,201.22416206515132,207.94613895412775,7798846
2020-01-07,201.99790954589844,206.2051828592784,200.8856306924866,203.64213180945504,12767569
2020-01-08,200.595458984375,201.80444804469107,197.79061026770862,199.24139714008788,12470053
2020-01-09,203.8355712890625,204.99619792483986,202.04626143853648,204.5609647811944,8676205
2020-01-10,204.5609588623047,207.17237240678563,203.30360722735668,205.33471484982405,7800086
2020-01-13,204.27081298828125,206.0117603939484,202.62659062221687,205.81832507291185,6614653
2020-01-14,204.99620056152344,207.70433925194857,203.88393642921582,205.5281587475626,7981507
2020-01-15,206.6404266357422,207.9461408653737,203.11018410106269,204.17410049247863,9564560
2020-01-16,202.77163696289062,207.70431817556553,202.14296856201722,206.9789247477114,6986058
2020-01-17,203.1585235595703,205.04454353193344,201.3208513428272,202.62656542424554,8678002
2020-01-20,200.498779296875,203.8839491821058,199.96682107756197,203.20691815669352,3977566
2020-01-21,198.41929626464844,201.65939313678018,197.93570059765375,199.2414148018068,4479791
2020-01-22,196.920166015625,200.9823667598257,196.3398452986668,198.85454872792712,6268889
2020-01-23,197.88734436035156,198.61273782976903,196.09803456585465,196.92015306779496,5560681
2020-01-24,198.6610870361328,200.8856299768639,195.6144403456361,197.7906207697532,5749852
2020-01-27,191.7456817626953,196.87179877910725,190.92356322639742,196.87179877910725,7942736
2020-01-28,189.5695037841797,192.8579484567602,187.82855641003817,192.8579484567602,6308211
2020-01-29,191.26206970214844,193.82512061157783,190.6334012928672,191.16534467387413,8978837
2020-01-30,187.1031494140625,191.2620748530183,186.3777559569714,190.82684173039718,8588693
2020-01-31,183.13768005371094,188.7473778329835,182.07376371175613,188.40886973012016,6008376
2020-02-03,175.83538818359375,179.51071821928383,174.3846011767294,177.86648113830267,7678833
2020-02-04,183.04095458984375,184.10487092930032,176.99600892967717,176.99600892967717,9235507
2020-02-05,189.85964965820312,191.0686387482857,182.12211948167456,183.863066723027,7411014
2020-02-06,187.63511657714844,190.87521341100057,186.32940238842156,189.9563698480314,7348886
2020-02-07,190.92355346679688,191.89074475033317,186.52284493324098,187.63510900604058,6977770
2020-02-10,184.58847045898438,190.4883286923195,183.3794813015589,189.47277484844844,5385023
2020-02-11,187.2965850830078,190.48831925206818,185.70072537756147,186.08759598549764,7530810
2020-02-12,187.2965850830078,189.95636109753016,184.9269694035214,187.87690575307977,10581151
2020-02-13,188.84410095214844,190.5366857238066,186.08759984932362,188.31214278656512,6711481
2020-02-14,187.63511657714844,190.53669054483632,187.10315839810534,189.08590356099236,3798528
2020-02-17,184.00814819335938,188.31214660551257,183.5245525345069,187.6351156347528,3484321
2020-02-18,178.30172729492188,183.23439421489164,175.78702393779878,182.9442338647361,8152961
2020-02-19,181.92869567871094,182.41229134531233,178.3500759393258,179.89758797571767,4317249
2020-02-20,183.71798706054688,184.73354089142657,179.31726363218027,181.63853163964365,6207445
2020-02-24,173.1756134033203,180.7680566123439,172.06333450083775,180.7680566123439,14690243
2020-02-25,168.72653198242188,175.4968715899793,168.33966133668625,175.06163842398442,10694830
2020-02-26,164.32579040527344,167.51752453888565,162.24633508391796,167.2757267220691,16855158
2020-02-27,162.82666015625,164.71268022685175,160.69882750411682,164.37415737087565,7657497
2020-02-28,150.78512573242188,156.87843419595328,149.04419310698617,156.68499887736806,14033411
2020-03-02,144.83689880371094,156.15303418932885,142.03204990543725,155.28256791280754,11441351
2020-03-03,154.07357788085938,155.1858419786506,145.8524517860796,147.10980343456188,21836942
2020-03-04,155.33091735839844,156.39481885593068,151.75229800277404,154.75059671744125,12074078
2020-03-05,150.3982391357422,162.3914047133962,149.7695707275092,157.36201317303056,12338386
2020-03-06,145.1754150390625,146.4811143942441,135.40677734184789,144.06313622742536,11173720
2020-03-09,138.74359130859375,141.01649680413388,135.69694456689965,139.17882444909745,10550403
2020-03-11,133.27896118164062,137.6796844521895,132.6019302380564,137.34116160131353,9682790
2020-03-12,116.25639343261719,125.73487129744268,114.27365565883878,125.73487129744268,15926851
2020-03-13,123.2685317993164,125.73487263729707,99.71742443883953,110.16309373264866,15365436
2020-03-16,111.85568237304688,124.81604808598338,110.6950483124213,116.836719357906,20577663
2020-03-17,111.61387634277344,116.88506592168504,110.11472689162701,113.16138093096991,11615932
2020-03-18,105.61727905273438,115.09575603040076,104.60173269168091,115.09575603040076,12105333
2020-03-19,96.47732543945312,104.35993545994695,94.34950767963994,99.62069694499922,11569487
2020-03-20,102.03868103027344,104.1664989152901,95.46177731081181,97.879755534278,13928853
2020-03-23,85.01611328125,96.67076354385063,82.1145394994946,91.83480724092496,14591356
2020-03-24,85.83821868896484,91.68972837939518,82.21125170210718,86.12837899954675,16845493
2020-03-25,91.44793701171875,94.0109879594219,85.16119379235805,86.03166002715639,7876385
2020-03-26,91.44793701171875,94.39786594104545,89.22339415169608,94.3011482904105,11013083
2020-03-27,88.54637145996094,96.04210445766203,87.33738226678334,94.30115706785253,9158997
2020-03-30,85.88658142089844,88.4496321949241,83.71040122319747,85.20954315416374,9970397
2020-03-31,92.56021118164062,94.0593607571676,88.01441469308227,88.93324354318943,15557731
2020-04-01,88.6430892944336,92.27005688112004,88.01441343692439,91.834816343267,9270755
2020-04-03,85.88658142089844,90.38401459288052,85.4997034654905,89.07830795007659,8216768
2020-04-07,100.53954315185547,103.05424669696141,87.04722606362716,89.1266890509641,23639659
2020-04-08,97.54124450683594,108.13199403602222,95.65522435816054,96.23553768243879,24227474
2020-04-09,104.02142333984375,105.42384772026888,98.50842871050789,101.55508266631406,14943427
2020-04-13,110.06637573242188,110.598326533701,101.65180677779335,105.42385442096585,23259069
2020-04-15,111.32372283935547,119.93172732477298,110.06637851259477,116.06296192719967,45561393
2020-04-16,116.59490966796875,117.90061639677293,110.69503706234055,114.99904260872643,18971910
2020-04-17,120.07679748535156,121.57593952439166,115.19247862676556,119.93171731922928,14577288
2020-04-20,112.6294174194336,121.04398567022668,111.95238650022335,120.89890550780059,18342210
2020-04-21,103.58618927001953,109.96965052924023,102.32884497693236,109.92129539051622,22935311
2020-04-22,104.746826171875,105.18205932780457,99.37891122696018,103.00587878998792,14419829
2020-04-23,107.60003662109375,109.58278182057686,104.79518025807535,105.42385610516152,16545796
2020-04-24,100.2493896484375,106.34269101440208,99.47563358017942,106.34269101440208,16901936
2020-04-27,104.65008544921875,106.10087225699397,101.8452368574533,102.90914570733847,18657007
2020-04-28,105.18206024169922,107.0197252987504,103.1993150050495,105.61729340141041,13489808
2020-04-29,112.4843521118164,113.79005890226139,104.74682164507985,105.42385260928567,35702215
2020-04-30,125.92830657958984,127.86268921447807,115.5793624345715,116.06295809329355,45993216
2020-05-04,112.09747314453125,118.96452989863569,110.84012150291206,117.41702529447025,22496677
2020-05-05,112.09747314453125,116.78834947366065,111.22699949872442,116.06295599866897,19405341
2020-05-06,114.7088851928711,116.73998542029415,111.71059367819097,112.19418932181951,15993752
2020-05-07,113.79005432128906,117.9973348673831,112.87121818790426,113.16137852035921,16729796
2020-05-08,113.25809478759766,118.96452468317652,112.04910571561416,118.86780703323458,21602930
2020-05-11,115.82115936279297,117.41702649997603,113.69334143260494,115.04740336322418,13916698
2020-05-12,117.12686920166016,118.23914071281226,112.58107287844547,114.99905121613078,13673363
2020-05-13,119.49649047851562,122.78493506162141,117.6104629779982,121.3825105999489,13922270
2020-05-14,113.35481262207031,116.93342470841732,113.16137732187153,115.09575984019412,12778232
2020-05-15,115.33756256103516,116.93342968235056,113.54826013129292,114.51545143159511,12509914
2020-05-18,111.56551361083984,117.03014586463331,110.54996718574586,116.59491273660502,14500038
2020-05-19,113.45154571533203,116.44983735603236,112.72615221940045,113.88677886125728,15916351
2020-05-20,116.83670806884766,117.94897212323625,112.4359848499681,113.45153863250454,8718400
2020-05-21,125.25127410888672,126.46026324121189,116.69163252784139,117.41702600723649,34325670
2020-05-22,120.75382995605469,122.34969704550853,119.5448408548145,122.34969704550853,17058546
2020-05-26,124.86441040039062,126.17010988066446,121.38251560332257,121.4308781229258,18786655
2020-05-27,128.9265899658203,130.37737676643007,125.73485605284554,126.12172662974154,32423355
2020-05-28,133.85926818847656,134.82645947526663,129.21676181841858,129.99050304131634,21951352
2020-05-29,134.2945098876953,136.51903793830374,130.18394710819354,131.48964643031147,19390589
2020-06-01,134.58465576171875,140.67796355337669,134.00434986995006,137.24443168395166,14504755
2020-06-02,136.51905822753906,138.7919638878553,134.29452984632493,136.27726038104456,12836264
2020-06-03,138.64688110351562,141.98368819332498,137.63132726970366,138.21163320461886,12470626
2020-06-04,137.96983337402344,139.90421597868226,133.81092258054142,138.5985165754384,11358214
2020-06-05,144.35330200195312,146.04588678254555,138.69522697499124,139.08211235117037,21825018
2020-06-08,141.54844665527344,150.73676361560183,140.72632818187182,149.91464514220021,16211802
2020-06-09,137.92147827148438,145.41721046540923,136.56740166542338,143.14430512269413,19223606
2020-06-10,142.12875366210938,143.14430744357907,137.14772454284642,139.17881734761832,17278002
2020-06-11,139.66241455078125,142.61235089843174,137.7763945115187,141.11320146685517,12532780
2020-06-12,141.25827026367188,142.03202613450824,131.73143154271588,133.4723785625563,15804914
2020-06-15,141.0164794921875,147.35158478497738,139.03373458645177,144.1598508828377,34911162
2020-06-16,145.1754150390625,149.52777573933616,142.08039117900051,144.98196497918298,28477417
2020-06-17,143.14431762695312,147.10980800502128,142.3705616070656,144.78853994535874,13573256
2020-06-18,145.85244750976562,146.43275342101143,142.4672780405782,143.57954210575843,9854686
2020-06-19,146.09425354003906,147.3516052223244,143.62791269366565,147.3516052223244,14631215
2020-06-22,145.1754150390625,146.4811143942441,144.11149874239524,145.94915624591047,8037341
2020-06-23,153.15475463867188,154.26701877674142,145.65902175140073,147.88355002753983,22570926
2020-06-24,146.43275451660156,154.84733049521543,145.5139257482954,154.17028478977826,15907046
2020-06-25,141.79025268554688,147.30324022954073,139.85587005550212,144.11150593833327,18500612
2020-06-26,146.09425354003906,147.0130823531123,143.33775234265082,144.1115083593009,12107599
2020-06-29,141.06484985351562,144.5467295020153,138.5985092119738,144.5467295020153,13110757
2020-06-30,141.40335083007812,146.6261921775994,140.43615962774084,143.14429794591854,14655358
2020-07-01,142.7090606689453,143.96641214672226,139.75912463674413,142.66069815861425,8255166
2020-07-02,142.9025115966797,145.36885231191076,141.93532031683753,144.01477566523107,9519798
2020-07-03,141.5968017578125,144.54673820238528,139.8075066907667,143.72463444449986,10780269
2020-07-06,149.28599548339844,150.0597367812628,142.27385797477552,142.95088898949146,24254504
2020-07-07,147.30325317382812,151.75232475899267,146.8196574738209,149.9146670022331,13160047
2020-07-08,149.91465759277344,152.81623161069808,147.39995420730463,147.73847707932995,18306575
2020-07-09,159.39312744140625,160.98898716561558,151.75230740040598,151.8490324326111,45180719
2020-07-10,158.32920837402344,159.10296434374203,155.0891264656928,158.32920837402344,16256492
2020-07-13,163.69712829589844,164.90611742659195,158.71609898070852,159.87672559454063,21894776
2020-07-14,158.42593383789062,163.16516518335774,156.63662407540758,162.19797390810587,16396492
2020-07-15,159.97341918945312,162.9717178242036,159.10295300938574,160.89226263950562,11233286
2020-07-16,160.6021270751953,161.3275205897552,155.76617031146264,159.4898481646355,12766387
2020-07-17,156.83004760742188,163.55203827241507,155.86285640476575,161.0373352422426,14372019
2020-07-20,155.62106323242188,157.60380820846896,154.41207419314526,156.878414784903,14067880
2020-07-21,154.75059509277344,157.65216875076294,152.3809795570487,157.50709597113018,13098754
2020-07-22,154.65386962890625,158.52263449525205,152.23589158744014,155.2825527745875,17455691
2020-07-23,156.6849822998047,157.12021541011515,154.4604394760135,155.42763072477774,8258361
2020-07-24,151.07525634765625,155.6694143609189,149.23759904561754,154.70222320023203,15793319
2020-07-27,153.0096435546875,154.55715536446553,149.52776411993653,151.84901707643718,12745516
2020-07-28,159.29640197753906,159.82836013688996,153.34818146723964,153.34818146723964,15539141
2020-07-29,158.66773986816406,162.97173831414426,157.94234637418418,158.90953769949067,15845599
2020-07-30,156.6849822998047,160.26358696859887,154.75059980227624,159.5381935320257,8980592
2020-07-31,157.74893188476562,159.10299401567343,154.36376179932577,156.58829033464994,9872721
2020-08-03,156.0563201904297,162.00454070715668,155.4759995144802,157.74890494408655,16525131
2020-08-04,157.02352905273438,159.19970969385727,155.4760169157792,156.68500616084748,13653194
2020-08-05,169.98385620117188,171.57971580420352,158.13576380592662,158.52263438903526,47894708
2020-08-06,172.16004943847656,173.0305156952916,168.4847195887182,172.16004943847656,23198186
2020-08-07,171.77316284179688,173.12722461709978,169.5969826440959,170.66088410807205,10117475
2020-08-10,172.74038696289062,173.12725761294794,168.67817134644244,171.09614980472384,9378730
2020-08-11,173.07888793945312,180.47791057092218,172.16005911491177,174.09444180159616,30405569
2020-08-12,170.0322265625,171.53137596804044,167.0339277514191,171.53137596804044,17437072
2020-08-13,177.5279541015625,178.54350784974957,172.16003979671686,172.16003979671686,26526442
2020-08-14,178.8820343017578,183.23439530548998,174.6747608530512,178.30172835616133,28520464
2020-08-17,186.2327117919922,187.1031781710214,178.20502001472863,179.07548639375784,25968766
2020-08-18,189.5695037841797,190.77849296647673,185.7491009197547,186.8613650642005,20401535
2020-08-19,190.34324645996094,191.16535019135137,187.92526826498727,190.39160897549394,16328384
2020-08-20,192.47105407714844,195.71115058925162,186.13594859181998,186.71626923099774,28491717
2020-08-21,189.81129455566406,196.48490869027748,188.94082828007734,195.13084675977186,18332315
2020-08-24,186.9580841064453,191.3104450231378,186.13596558558055,190.9719221596833,10628826
2020-08-25,185.02369689941406,189.9563636280663,183.81470778579813,188.98917233717356,13439855
2020-08-26,187.15150451660156,188.60229137331942,184.9753242315248,185.70071765988374,8427317
2020-08-27,188.50558471679688,189.23097821584793,186.28105645957515,187.151522755169,7659778
2020-08-28,187.44168090820312,189.71457165700664,186.66792489998917,188.69903257677973,8153155
2020-08-31,179.17218017578125,190.53667743389423,178.20498891977164,188.602294921875,17662183
2020-09-01,187.6834716796875,189.03753357450992,178.9303876046894,179.1238229099258,24334797
2020-09-02,189.76292419433594,190.4399551316024,186.23268196262444,187.63510635228377,11183054
2020-09-03,186.65208435058594,190.68648544861207,186.21462149464423,190.68648544861207,11310236
2020-09-04,183.0551300048828,188.596360304816,179.70122862601065,182.81209345809827,16804686
2020-09-07,182.2774200439453,186.1660050048828,181.40249436124415,183.0551400028877,6839463
2020-09-08,175.22933959960938,182.95789835167255,174.5488402766567,182.95789835167255,9202151
2020-09-09,177.7083282470703,178.6804744466344,166.96610977513237,172.41013442620078,22609497
2020-09-10,171.7296142578125,180.13868749238122,168.52154377763972,179.84704067588189,19154786
2020-09-11,173.67391967773438,174.98632303399913,169.9311655575496,173.72252995644314,15780805
2020-09-14,170.90330505371094,175.47238923035033,169.7367325795991,174.0141699292671,11605907
2020-09-15,171.82684326171875,174.35442935070486,169.63951428101797,172.45873236707828,10726507
2020-09-16,178.68048095703125,179.45820091177427,170.56305396139524,172.1671041493854,14453126
2020-09-17,170.95191955566406,177.61111229493187,170.46584644328945,177.61111229493187,18642039
2020-09-18,174.500244140625,177.12503593253143,171.63241579699067,172.5073414497015,28529202
2020-09-21,162.49423217773438,175.6668162178206,158.55705191582413,174.40302318498976,26161690
2020-09-22,158.8972930908203,164.2440971796344,156.32111159971942,163.32056125832128,18465421
2020-09-23,160.8415985107422,162.78589106411175,157.77934367269512,160.89020879133142,17256291
2020-09-24,154.66845703125,157.77932171699555,150.0993582996221,153.59909034219393,19292629
2020-09-25,157.5363006591797,160.2583130893026,153.2588483164796,157.43908010197822,20236970
2020-09-28,163.02891540527344,164.00106160904224,157.58490556443246,159.38336714114044,12412713
2020-09-29,171.486572265625,172.36151268731285,163.41777121284272,164.73015959471527,36624865
2020-09-30,170.36862182617188,172.750377053278,167.88964604539862,172.5559507797176,15625518
2020-10-01,169.25064086914062,174.25718731885118,168.66734727933434,172.26428485974728,12663078
2020-10-05,174.06277465820312,174.88909000221574,167.98686109734552,170.12557970401272,13647813
2020-10-06,171.97267150878906,177.31947606465476,170.70889320805904,175.5696246224824,13192286
2020-10-07,168.0354766845703,172.99341340669775,166.04257400685415,171.97265692945058,11851388
2020-10-08,169.39646911621094,171.53518771075133,166.771677439558,168.0354704198052,11214012
2020-10-09,165.2648468017578,176.3959173401804,164.53573718351475,172.0698699053596,30474092
2020-10-12,167.35498046875,170.12560337145237,164.97322498830474,169.15345706647264,16792391
2020-10-13,168.42433166503906,170.02836698548222,165.0218199142302,165.70231929763716,9712302
2020-10-14,169.3478546142578,170.1255744929803,166.28560020689332,168.1812822130605,10703596
2020-10-15,168.81317138671875,173.28504956712135,166.91748937924675,170.028354062505,19813786
2020-10-16,174.79188537597656,175.52099500782816,167.54939933300543,169.25065514065915,15546394
2020-10-19,177.61111450195312,178.7290915745714,172.75038331780678,175.95846886609823,17095601
2020-10-20,175.7640380859375,178.0485727837377,174.30581876802393,176.73618429787987,10427991
2020-10-21,180.7705841064453,182.27741369306275,175.95846335170324,176.0556839058491,24286914
2020-10-22,179.31234741210938,182.47182227646996,177.02781294891213,179.74981019580483,17453750
2020-10-23,177.17364501953125,181.40248692470036,176.59035136579283,180.43034072431885,9732876
2020-10-26,167.59800720214844,177.80554280495826,164.87600957508545,177.222263956491,15615702
2020-10-27,169.5908966064453,170.5144325023707,166.2856055577312,168.08406707426525,15437539
2020-10-28,165.7023162841797,172.16709739341263,164.53574381472956,169.59090107152926,14425414
2020-10-29,163.22332763671875,165.75091348257197,160.69575662463808,163.80662124230722,12266096
2020-10-30,165.89674377441406,167.1605368063332,162.2511955095168,163.51498854143597,12957793
2020-11-02,165.99395751953125,167.69521330670068,162.9802984773218,166.72306714260387,11083051
2020-11-03,174.7432861328125,175.3751752534687,167.06333679261311,167.64661563465552,22507173
2020-11-04,171.58380126953125,176.1528853620785,169.2506563642482,172.06987436094636,11618409
2020-11-05,182.131591796875,182.71487060153765,173.13923967925484,173.9169447521384,23733769
2020-11-06,182.90928649902344,185.04801982950985,180.23588466968798,180.81917827505202,14037270
2020-11-09,189.27685546875,190.2976119093479,184.02727210820834,184.56195546602373,14673743
2020-11-10,186.99232482910156,195.06112630668062,184.80499591038526,192.53355512309483,23544708
2020-11-11,198.36643981933594,202.44945099019856,186.7492954183459,187.13814797413312,42959437
2020-11-12,202.78968811035156,205.51168540006955,198.5608465226274,199.33856639130656,40805593
2020-11-13,204.68539428710938,205.17146740826908,198.60948027261298,200.2621259178011,15133046
2020-11-14,203.47019958496094,206.58106441170005,201.2828706676606,206.09499131896666,1794824
2020-11-17,207.60182189941406,209.98357709882657,204.2479205097292,204.44234678102893,22284208
2020-11-18,213.24026489257812,214.1151904979937,204.68537576744737,206.53244752722387,16606283
2020-11-19,207.89346313476562,220.92021580072714,206.77548614574113,211.3931804254043,28576299
2020-11-20,209.54611206054688,213.87215959468466,206.19221070638494,208.57396588057105,17773062
2020-11-23,211.9764862060547,215.76785052997806,209.54612065641814,210.9557297084525,22567883
2020-11-24,219.7050323486328,220.92021504967613,212.51115669196562,213.87215538362486,18538052
2020-11-25,217.22605895996094,223.59361934725706,215.8164499786568,219.70503466295693,18591189
2020-11-26,223.49639892578125,224.80880219100024,214.21241485366892,217.95516871420642,16363181
2020-11-27,220.04530334472656,224.17692478938162,214.40685228879542,223.5936311225089,42583153
2020-12-01,222.9131317138672,225.05185043592024,216.30253443625162,224.37135104714528,16869243
2020-12-02,225.39210510253906,230.3014316043083,222.18401963736804,222.96173957343586,20100114
2020-12-03,235.25936889648438,236.37733103830968,226.6072740730568,228.065493301754,28072333
2020-12-04,245.6613311767578,248.8208061904753,236.23151641026325,237.7383459220216,41978766
2020-12-07,244.25172424316406,246.87651592499265,241.5783222862737,245.27248068436776,17202162
2020-12-08,238.85630798339844,245.95297790146003,237.64112528625685,244.835015753599,14240101
2020-12-09,234.2872314453125,241.14086504148403,233.26647498055954,239.6340354824462,14737004
2020-12-10,235.93988037109375,238.6618927047458,231.3707961862709,233.12066231745965,19673032
2020-12-11,236.86341857910156,241.0922605340758,234.23862677391278,237.4467122397097,12610389
2020-12-14,239.4882354736328,241.23808686284295,237.25229612391755,239.09936807198363,10448747
2020-12-15,237.7383575439453,239.14796657529695,235.84267540979835,238.75911402657024,15446054
2020-12-16,244.4461669921875,245.12666638761704,239.0507524395423,241.09226545960513,19222530
2020-12-17,239.00213623046875,247.80004699589892,237.6411227240803,244.88360855420328,13711470
2020-12-18,242.9393310546875,244.39755036434056,238.3702468511961,239.82846616084913,18866376
2020-12-21,225.82955932617188,242.79350710617499,222.2812168886204,239.1479589514276,16278713
2020-12-22,225.44068908691406,232.58596931279124,220.67717882551145,227.3849814113679,18337596
2020-12-23,229.62091064453125,231.27355608226102,221.16324236480742,224.9060108614132,13095413
2020-12-24,230.35003662109375,237.83555931302834,229.5237212603338,231.2735725343072,14541771
2020-12-28,233.21786499023438,234.43304772743602,231.07914633951415,232.48875534791335,8213627
2020-12-29,229.0376434326172,235.2593729829546,227.77385044570616,235.16215243251014,9405315
2020-12-30,230.78749084472656,232.48874661288963,226.16979661685536,229.8153446914905,8480116
2020-12-31,233.84976196289062,235.16215037979478,228.16270098831964,229.81534649503593,10380624
2021-01-01,231.71104431152344,233.31507954991983,230.98193468792994,232.3429333851285,5091899
2021-01-04,247.21678161621094,250.8137195893028,232.87762516682253,234.19001363650227,24902369
2021-01-05,243.3282012939453,245.7099565609165,240.12011580829426,244.105921234978,12297457
2021-01-06,251.83444213867188,252.75799282562983,240.84920277903763,243.7656411577949,18029077
2021-01-07,265.2987060546875,267.7290716830147,253.73017159735983,254.1676492774784,32739259
2021-01-08,260.7296142578125,266.8055278109164,257.76455064336983,266.3194547266681,20606695
2021-01-11,257.32708740234375,261.8961563226934,250.8136965927996,260.1463051902267,13163440
2021-01-12,256.9868469238281,262.9655399579392,253.1954827803099,253.1954827803099,13136084
2021-01-13,255.33416748046875,260.9240075609194,251.6400241638844,258.1047898016793,13300126
2021-01-14,254.1189727783203,257.7159250479151,252.32049664352292,255.38278045002212,7601547
2021-01-15,246.29324340820312,255.96608020752947,244.10591447858772,254.70230202632618,17738049
2021-01-18,236.37733459472656,247.16816298294867,233.89837373566252,245.2724809238754,17989695
2021-01-19,244.54336547851562,245.61271733660183,236.5717700648431,239.63402448479067,10254337
2021-01-20,245.0780487060547,246.58486336143795,241.67553720385752,244.59197563431223,11090894
2021-01-21,241.96717834472656,247.4598131637212,239.58542316973083,245.80716762395522,8781513
2021-01-22,232.53736877441406,242.84212445899547,228.98904106722432,240.36314867476585,16005359
2021-01-25,233.6067352294922,237.10645265526142,227.0933586450179,233.99558777665305,8297942
2021-01-27,224.95462036132812,233.36369372766978,223.35058509610596,233.3150834518626,14139166
2021-01-28,222.6700897216797,225.6351385937063,218.29543182865564,218.73289465120328,13756664
2021-01-29,219.99667358398438,227.77384267341364,218.73288064019758,223.69083186821786,14992241
2021-02-01,234.4330596923828,237.1550721293948,220.23973349773544,221.01745345599235,12417894
2021-02-02,248.23753356933594,250.23042137591588,237.10644791563135,237.39809473705904,18251184
2021-02-03,250.0845947265625,256.0632875591111,245.5155108314518,246.9251197688897,15670948
2021-02-04,254.5564727783203,259.95187199012076,251.7372549048791,252.70940104520682,21296401
2021-02-05,254.7509002685547,258.5908896319886,248.7722070620765,256.6465972287406,12833374
2021-02-08,271.1802062988281,272.73561655328473,256.20913042551723,256.64660810180123,27556901
2021-02-09,270.30523681640625,277.9365903570543,267.9720918891345,270.7913099124023,22066741
2021-02-10,271.6176452636719,275.4576346619325,267.0485758751285,273.1730851338869,16789592
2021-02-11,287.1719665527344,289.0676634107757,272.0551057990314,272.9786268402842,47356292
2021-02-12,282.7001037597656,288.9704586315741,278.51988695692506,288.7274220810009,15454237
2021-02-15,283.28338623046875,287.8038599591506,280.9502413705891,284.35275294428135,8041775
2021-02-16,294.2686767578125,298.78915081023666,284.8388464255116,285.37351498693596,27519511
2021-02-17,295.43524169921875,299.90712041690284,292.616023486184,294.2686839908333,18221106
2021-02-18,301.26806640625,303.89287270798,296.50455651379946,297.5252980380588,16202053
2021-02-19,299.4210205078125,304.62200845338936,293.831180027553,299.4210205078125,17410357
2021-02-22,307.29541015625,318.8639436414392,301.3653125879456,301.3653125879456,45975603
2021-02-23,323.77325439453125,328.73120555528516,307.8300639110176,312.9824561633875,50677230
2021-02-24,323.5302429199219,328.0993419188478,318.8639530352062,324.8912713315492,14777374
2021-02-25,340.93170166015625,344.72306610073605,327.61328617133455,328.19657985470434,35967464
2021-02-26,330.7727355957031,339.9109036948157,325.42593164044564,333.4461375733319,20379210
2021-03-01,334.5155334472656,337.33475166310154,325.28014399251214,332.474020371126,14556212
2021-03-02,335.6334533691406,339.5706333519269,329.31450348673826,334.6613072333864,12878208
2021-03-03,349.34075927734375,351.2364266556664,340.73725907058247,340.9317001867151,20104887
2021-03-04,339.7165222167969,347.7367288569046,337.33475201422993,342.195483311265,13623173
2021-03-05,328.4396057128906,337.91803133920104,323.8705066208807,335.63348179319604,15127687
2021-03-08,327.2243957519531,334.3210506872956,325.37732402457385,330.57828212514414,10555735
2021-03-09,323.9677429199219,334.80716784479796,319.3014527133765,330.4811347646266,13883599
2021-03-10,330.8699645996094,332.8142569966483,321.2457231677762,326.44668159581727,10886045
2021-03-12,321.002685546875,335.3904373699283,318.32928350986833,332.03652112921003,15035151
2021-03-15,324.50238037109375,326.5438932659573,315.94750592386623,322.65530857766356,14049436
2021-03-16,324.5995788574219,327.3702011930098,317.21126251836915,326.6410916135153,13294567
2021-03-17,317.3085021972656,324.25934134076317,315.94750350031205,323.6760773760306,11028678
2021-03-18,322.55810546875,331.01578949014305,320.1763650189094,320.1763650189094,23744146
2021-03-19,325.76617431640625,330.23805245093394,311.67005542189116,320.80822311655044,16753538
2021-03-22,330.2866516113281,333.10586948848226,321.87759341992785,325.76617798635993,8470164
2021-03-23,322.4609069824219,332.91147865107,321.0998785659552,332.3767804395873,13880498
2021-03-24,308.8994445800781,319.155574775435,307.97589385436214,319.155574775435,20388678
2021-03-25,305.25390625,310.9895628861561,296.8934430115542,310.16323268413544,20856373
2021-03-26,318.03759765625,319.35000085354073,309.2396871253243,309.2396871253243,13857627
2021-03-30,317.2112731933594,323.62744364234044,315.8988996401403,321.3428942828678,9159261
2021-03-31,317.7460021972656,326.64113429592163,311.9617202437559,314.10045382342724,10387652
2021-04-01,340.49420166015625,342.1954574857245,319.3014266715252,320.56520484635695,25631843
2021-04-05,340.8830261230469,343.0703548614677,328.58538381610117,340.1539165435733,14771653
2021-04-06,340.6886291503906,348.3199526718096,338.79293229634817,342.87595798157224,11185963
2021-04-07,342.389892578125,350.6531350143669,339.2790129704035,340.6400116734517,12542475
2021-04-08,355.0278015136719,363.58267614416263,344.7716413780608,345.9868241191843,28768469
2021-04-09,350.99334716796875,359.6940668687028,344.8202429976368,356.77762848868633,16371164
2021-04-12,326.8356018066406,344.13979428502546,322.3637228400482,342.2927222266104,16096812
2021-04-13,338.9873962402344,340.54280644653767,326.835568581315,326.835568581315,12942071
2021-04-15,343.7022399902344,356.58317574786014,340.0080966965745,344.13971759996394,21825520
2021-04-16,359.6941223144531,366.0130731118692,342.8760035975811,346.8131841504896,28438547
2021-04-19,351.3336181640625,355.80549645741917,343.99392648394036,348.7088413185931,15435944
2021-04-20,349.34075927734375,361.1523302274504,344.67443949810166,358.3331120488213,15526407
2021-04-22,345.938232421875,355.41665790525724,344.8202702214472,350.7503383282943,12756931
2021-04-23,339.7651062011719,352.54882314762045,335.68208018237874,344.18835966524074,12805877
2021-04-26,338.6471252441406,348.2713664217989,335.8765027180224,343.16759901436154,16472269
2021-04-27,356.04852294921875,359.6940709657636,340.34836875814113,340.34836875814113,41263319
2021-04-28,352.500244140625,358.6247537868561,348.02836535616984,358.57615834027877,15197329
2021-04-29,361.7841796875,366.79072636973234,354.4444882052274,357.1664855273501,34391622
2021-04-30,354.25006103515625,366.4991088012814,351.23640195235254,358.624718832519,19935239
2021-05-03,359.6454772949219,362.804952258135,347.68806194131093,354.2500484033689,15890242
2021-05-04,352.4515686035156,373.74159264731543,349.68097585888427,361.63836142611666,29767756
2021-05-05,356.8748779296875,363.29104881872627,354.1528507540859,356.77765737563965,15192338
2021-05-06,375.1998291015625,377.77601053862327,357.5553522445635,359.6940857022443,31912131
2021-05-07,389.9278259277344,393.6705945313452,374.51930354718337,379.1369977505555,46343220
2021-05-10,413.8912353515625,415.59249116334223,395.37186252463584,396.44119958657416,39516234
2021-05-11,401.30194091796875,408.884699105423,397.46198121486196,403.294858435574,27497466
2021-05-12,387.69189453125,406.01685642164864,382.73397262177974,404.41282111755254,18242276
2021-05-14,372.1375427246094,392.40679634159693,357.8956072402312,391.7749072633911,41384078
2021-05-17,382.0048522949219,384.3379971872859,366.74214544198105,373.7902052284737,20821967
2021-05-18,390.8999938964844,401.3019404610486,385.45596922984214,389.83062714039517,30540086
2021-05-19,392.0665283203125,395.1288124103871,383.2200221369064,388.8584579095768,16113667
2021-05-20,374.4707336425781,382.247903357543,368.88089290994714,379.13702360453783,30689219
2021-05-21,378.94256591796875,380.9840788123516,372.67224091009973,377.8732288629772,22406993
2021-05-24,378.4565124511719,382.7339795630683,368.8808958961425,381.956244784747,23694105
2021-05-25,380.3036193847656,388.37242127643043,378.69955436134967,383.0256169785071,18155697
2021-05-26,370.3876953125,378.65093785884187,369.65858567605807,378.4079013133612,15340621
2021-05-27,375.1026306152344,377.6302167591173,369.415569208385,371.4084571226213,17374666
2021-05-28,376.94970703125,387.74053629950356,374.08186373742916,382.0534748247099,14862168
2021-05-31,383.2686462402344,384.38660845682307,377.1927323810043,380.64383958602775,13703439
2021-06-01,383.7061462402344,385.74762968172973,375.73453492588646,384.96992452949814,11399189
2021-06-02,387.69189453125,391.4832884632653,378.164873593096,378.164873593096,9587386
2021-06-03,388.0807800292969,394.20528930311525,386.91419270688004,391.77492377103687,12441261
2021-06-04,384.04632568359375,388.85846100555597,381.37292376418054,388.85846100555597,10040657
2021-06-07,383.99774169921875,390.2194713274182,383.268632063081,385.1157038744539,6176784
2021-06-08,376.94970703125,384.4838404406432,370.4849404263773,383.9977673174565,17334691
2021-06-09,372.4778137207031,380.0605719448332,371.65148351026266,377.1927287637597,11807015
2021-06-10,374.6651611328125,379.08844439818836,373.54719887191067,375.3942708248201,5796380
2021-06-11,382.19927978515625,383.99775622249274,372.47781760230833,377.5815852483035,9630564
2021-06-14,383.8033142089844,386.42812085919815,370.72796540434035,382.0048674434266,11601461
2021-06-15,379.9633483886719,385.31015249127745,379.1370181847597,380.10916438523344,7929361
2021-06-16,369.6585693359375,380.44939741179746,366.49909438434827,376.5121877485204,17978012
2021-06-17,358.9649658203125,369.70716890878344,354.8819401240583,365.5269523315843,14321673
2021-06-18,361.0064697265625,362.95076197803985,349.77816417375374,358.47888386613295,22723111
2021-06-21,357.3609619140625,359.6455114997874,350.3614971551497,356.6804476825534,13172227
2021-06-22,357.3122863769531,361.4925323979915,356.04850831683945,360.6662022813582,9787216
2021-06-23,357.8470458984375,366.4991417190375,357.11793620005744,357.7984207846824,14295574
2021-06-24,358.7705078125,362.07582830012024,355.90269460624023,358.7219123743181,9066954
2021-06-25,365.4297790527344,369.7558418460347,361.2009368205009,361.2009368205009,12815999
2021-06-28,371.6514892578125,374.22770048329977,363.8257240281672,368.34619803248245,14518487
2021-06-29,363.82568359375,372.8180351588594,362.3188689822902,372.72081461383567,9106037
2021-06-30,361.6869812011719,368.8322616920022,360.6176441171075,366.0616390934091,10110801
2021-07-01,368.8322448730469,370.19324355505995,361.63836926736656,361.93000124653145,8232292
2021-07-02,365.5755920410156,369.9988753588478,363.7771451801082,367.47128912973653,5070326
2021-07-05,378.6994934082031,380.109117090518,366.98514501706023,368.44336413633334,12836172
2021-07-06,374.6165466308594,380.1091667644058,373.30414331849573,378.5537269004025,6153733
2021-07-07,382.68536376953125,383.9977671350215,369.61001456255167,372.2347916259832,10577866
2021-07-08,372.4292297363281,381.9562510023486,370.5821578175138,381.56739844063225,12333337
2021-07-09,379.18560791015625,380.4980111945161,371.45706353345463,372.3319891671788,7375406
2021-07-12,377.5329895019531,382.05346347984624,375.83173362131765,382.05346347984624,5679273
2021-07-13,381.3243408203125,383.9491473851385,379.13701190547323,379.6230849976597,5467940
2021-07-14,380.7410583496094,383.41446043509023,380.1091692447326,381.32435201086025,3341557
2021-07-15,390.2680969238281,391.67769108825786,379.13701126455504,380.8868625264496,10347950
2021-07-16,394.2052307128906,394.69130374706185,388.22653832609285,391.7748655420343,9287112
2021-07-19,385.8934326171875,393.6706019483409,385.1643229923919,386.91417422488274,5708367
2021-07-20,372.3320007324219,385.4073792047964,370.58214941062033,385.4073792047964,9214553
2021-07-22,382.53955078125,384.192211279345,378.1648926401683,379.33148001147646,7381389
2021-07-23,380.8382873535156,385.50457741195083,379.9147365637499,383.1228369380292,5217004
2021-07-26,388.9070739746094,391.24024857983824,379.33145767480147,382.0534551575052,7083799
2021-07-27,405.7252197265625,408.00976921443566,392.309584457856,392.7470621118807,28240273
2021-07-28,404.7044372558594,407.7180963055852,396.1981582987967,407.32924377248594,12775129
2021-07-29,445.3401794433594,460.7972980652016,405.19052364685444,408.7874764481377,61414603
2021-07-30,432.4106140136719,446.8469908876676,429.8344325402932,445.34017615820477,12987115
2021-08-02,433.3827209472656,439.6530751800352,430.36909176132764,435.5214542413616,7683565
2021-08-03,436.2991638183594,438.29208115131735,427.93873097731904,435.2784222663273,8879300
2021-08-04,430.3691101074219,442.8125688920348,428.71644979448376,433.5771805177772,8621637
2021-08-05,430.7579650878906,433.2855510119243,420.84206248881463,432.6050368397647,11790679
2021-08-06,429.8344421386719,443.15285712361236,427.0638194981495,432.3134327823174,18059875
2021-08-09,422.59197998046875,432.6050743282377,416.8562934632015,429.64004018019847,13778833
2021-08-10,415.0578308105469,427.5498857120033,411.46087801346334,424.34181512788365,10417993
2021-08-11,424.48760986328125,432.118963063491,417.0992932002275,417.3423297373836,19239106
2021-08-12,428.0115661621094,434.91259833293225,424.6834090149947,427.6689551603209,8349354
2021-08-13,432.71014404296875,440.1006419524809,426.298547527548,428.15839744346647,13343808
2021-08-16,432.41650390625,437.5555795044567,426.98377879440415,433.248550691946,8288547
2021-08-17,427.3753356933594,434.47215461333485,419.93590574751676,430.801386206451,8413999
2021-08-18,417.9292297363281,430.3608807806777,415.43308930332677,429.52883396967724,12169397
2021-08-20,395.1214904785156,407.2105599516376,392.6253800048506,407.2105599516376,23309477
2021-08-23,398.2538757324219,406.96582610748953,391.059164233174,402.3161864826896,15943020
2021-08-24,411.95806884765625,414.79679016864833,403.83341762982536,406.23166470793876,15050015
2021-08-25,421.5999755859375,425.7601795456693,414.7478749463792,414.7478749463792,17974391
2021-08-26,415.139404296875,423.1661325798592,411.9091104607678,422.3830473380807,7695674
2021-08-27,428.6478271484375,429.72459178121676,417.97813369152516,417.97813369152516,15558923
2021-08-30,438.5833740234375,442.9393642508205,431.339730726269,431.6334101069038,11735730
2021-08-31,458.405517578125,461.1953073646677,435.40203702315995,438.53443781380224,20847646
2021-09-01,448.4210510253906,463.9851022791854,445.43547495414066,463.9851022791854,10038500
2021-09-02,447.2953796386719,455.17528389461324,446.0717901658369,450.32985763307073,5360608
2021-09-03,451.55340576171875,454.68580647448994,440.4921698891722,447.5889881818311,8516918
2021-09-06,459.3354797363281,464.9639912088564,451.94501140412416,457.08408709643254,12183840
2021-09-07,452.5323181152344,462.41892701786924,451.1619038819401,460.06964120753764,5684070
2021-09-08,446.6590576171875,456.0072984520111,445.58232285549457,455.02842694299005,6689343
2021-09-09,453.7558898925781,456.7903976376229,446.3654217232495,448.5678826856997,6926659
2021-09-13,468.24322509765625,470.34779301484,458.6502657139502,465.9428709158457,16632808
2021-09-14,467.8516540527344,473.2354474026034,463.20201434148385,472.89283639669054,15253798
2021-09-15,476.5146789550781,477.2977941522185,464.32774556043427,468.0964071635485,12415050
2021-09-16,473.08856201171875,477.68926979699273,470.2988022646168,472.7949125244826,8011765
2021-09-17,463.05517578125,475.19320692576923,460.16752262616944,473.7738312260796,12113274
2021-09-20,435.010498046875,454.1963858369594,433.0527550044743,452.2386427945587,18031539
2021-09-21,441.4710388183594,442.8904144177771,429.5287947770407,435.59780992055414,18750888
2021-09-22,453.217529296875,454.5879434972969,442.6457284675754,443.3309206313918,13613171
2021-09-23,473.0396728515625,474.5569117931245,458.11188183038024,463.49567531342956,12757667
2021-09-24,468.6347351074219,475.38894254746737,463.5935528087612,470.8371960034881,9226843
2021-09-27,471.2287292480469,479.5980984100932,462.32099271568785,464.86606456390285,6825039
2021-09-28,468.04742431640625,476.61255035435653,465.01291654554603,470.7393210711906,6148679
2021-09-29,483.7093505859375,486.40124723784754,463.3977667578888,464.9639671481031,9508220
2021-09-30,477.640380859375,493.35125715907526,475.34002676115887,484.78613116673023,14333358
2021-10-01,474.11639404296875,475.73152596520697,463.4467011841499,472.8928047272146,8072310
2021-10-04,495.0153503417969,498.68611862135504,470.83721132465837,475.7315690307359,10303925
2021-10-05,484.8350524902344,495.50477596930256,483.75831771516937,485.5202745041741,8162109
2021-10-06,465.8449401855469,487.9674420273419,463.9850903128587,487.47800627806674,11231113
2021-10-07,467.4111633300781,475.340028829188,463.0062413719936,474.7526999268856,9774465
2021-10-08,463.6424865722656,480.38119543408317,462.66361505839075,470.7882665472248,7086881
2021-10-11,477.19989013671875,479.6470690604968,466.18758497971754,468.39004601111776,5565678
2021-10-12,488.1142578125,488.9463045455433,477.1509151537695,482.3878536765984,8685800
2021-10-13,497.315673828125,501.18222835930936,484.54141218331665,489.3868382542653,8901206
2021-10-14,505.195556640625,512.2923750070398,497.6093323975897,500.594878519863,8876529
2021-10-18,531.3314819335938,540.1902577877912,515.3758871209408,524.1367997153226,23481789
2021-10-19,522.47265625,536.127925444431,514.9353338500655,536.127925444431,11017925
2021-10-20,502.1121826171875,519.7808024656322,499.7139353271285,519.7808024656322,9440844
2021-10-21,483.3178405761719,509.7963047538113,481.2132726626513,505.293519403131,14173662
2021-10-22,460.5101013183594,481.6047698366848,454.6858040429676,478.6681553864611,19392383
2021-10-25,463.2509460449219,467.90058575694167,449.644637914832,463.5445955513026,9196105
2021-10-26,475.7804870605469,477.68929846047746,462.5657216318246,465.0129004149213,8120433
2021-10-27,469.7115173339844,477.39566494482744,465.6002448915697,472.79495672940095,8972879
2021-10-28,458.89495849609375,467.0685416959447,443.8693045011205,446.21859018413215,12659503
2021-10-29,450.0851135253906,464.1808873297387,447.001674207985,459.53124760376244,8306338
2021-11-01,468.04742431640625,470.93510732974505,453.56013736704585,454.00061163960993,7466267
2021-11-02,458.50341796875,470.8372052022438,457.2798285581413,469.8583336737568,5953912
2021-11-03,468.1942138671875,470.2988114336273,459.9227678390557,461.0484640591226,6928590
2021-11-04,462.61468505859375,471.8160713468164,460.06961313901184,471.8160713468164,1615558
2021-11-08,459.87384033203125,471.277717740427,449.4978258433314,469.85834204970297,13018619
2021-11-09,454.7837219238281,466.13863772406717,452.53229946575266,460.7548442722355,8628327
2021-11-10,440.24749755859375,454.1964177147026,439.02390807121577,453.8538066836787,14672997
2021-11-11,444.3587341308594,446.65905828225374,437.1640225542844,439.56223983128416,7789754
2021-11-12,458.6502380371094,460.5590494472707,449.2530953578822,450.770334262419,17010073
2021-11-15,446.2675476074219,463.5935865326314,445.5333939219942,463.5935865326314,8882843
2021-11-16,436.1851806640625,450.18303226535033,433.68904021916273,447.3443106667495,8937525
2021-11-17,435.9893798828125,439.70910967504886,430.21404374565384,432.6612226065506,7474301
2021-11-18,430.99713134765625,444.40768352653737,427.08164514918457,438.6323473583494,9688141
2021-11-22,432.80804443359375,438.2407993916789,423.7534827095738,433.2485485746885,10007050
2021-11-23,440.6879577636719,443.82032861522515,427.81577374224923,429.96930297433175,9020906
2021-11-24,442.5478515625,447.2464232427184,434.814771980445,444.30980847438434,7761523
2021-11-25,437.6044921875,449.10623231411944,434.2763350615889,441.96048231222835,8633424
2021-11-26,408.1894226074219,433.34643254457245,405.9380300673355,432.4654242810023,14826141
2021-11-29,411.2728576660156,424.3407982582137,398.498596449572,405.2528038728961,19069247
2021-11-30,404.0292053222656,420.91473843385637,401.33730873925845,410.0982204767058,14850682
2021-12-01,415.9225158691406,417.0971736789586,407.3084581731055,410.6366154705378,8183556
2021-12-02,422.97039794921875,424.73235477018983,412.1049178924608,418.9570186650195,7775405
2021-12-03,415.67779541015625,424.63446406804906,415.04153488076946,418.76123480086835,5938378
2021-12-06,412.447509765625,423.3619209437207,409.36407053562124,415.97145311682385,8160853
2021-12-07,433.1506652832031,435.0105152725732,416.21619924497554,418.3696987532185,18303734
2021-12-08,447.7847900390625,448.7636615618299,430.80136314449044,436.5766991542605,13700443
2021-12-09,446.0228271484375,449.00840337568894,442.64573813855634,447.7848139070096,5586232
2021-12-10,445.48443603515625,451.210840418535,443.86930399696945,445.77808554290357,5308752
2021-12-13,448.56787109375,459.58017562141976,447.7847858320086,450.2808962424986,9401208
2021-12-14,451.94500732421875,454.5879425898734,445.0929064629978,445.288662849645,8027659
2021-12-15,448.665771484375,454.04956489618695,446.4143490430352,451.84710395499116,3651118
2021-12-16,440.98162841796875,454.1963941974195,439.0728169673771,454.1963941974195,8879417
2021-12-17,440.6390075683594,447.34428343688336,435.3531073491332,440.00274705662815,14337902
2021-12-20,423.9492492675781,435.8425319238454,417.6844776917423,435.4020278032185,5952052
2021-12-21,436.038330078125,440.198534033784,428.10946479984085,428.7457253126193,5029410
2021-12-22,453.5601501464844,454.8326712445758,437.8982049500868,441.32425546179877,7765878
2021-12-23,451.55340576171875,458.5523608037431,449.59566278443356,455.22417384412853,6986665
2021-12-24,449.20416259765625,454.58795629377124,443.2820014810457,454.1964136358845,3122116
2021-12-27,443.2330322265625,448.910505221391,441.56896849144937,447.2464116134885,6146709
2021-12-28,448.4700012207031,449.4488727850276,443.23303237700924,446.95276224511593,2889804
2021-12-29,444.6523742675781,447.98053135853473,440.98160618061405,447.3442708646851,3050356
2021-12-30,440.1495666503906,446.365406687371,438.9259772680239,444.4076636755842,3843627
2021-12-31,465.5023193359375,467.2643059197149,445.8759581544344,445.8759581544344,18257598
2022-01-03,467.94952392578125,469.8094037348211,462.12525623402576,465.5023450957692,5549693
2022-01-04,466.0407409667969,471.32664124924,462.0273617230349,468.8794624265545,5063834
2022-01-05,465.30657958984375,469.27099726761804,462.02735404736524,463.2020118118551,4489031
2022-01-06,468.97735595703125,475.43791402903065,463.49566941494726,464.4745409448627,12132277
2022-01-07,483.0730895996094,484.78611474003355,469.9072558569487,470.9350888648758,9300149
2022-01-10,482.4857482910156,486.7927768442905,479.6959585882032,486.4991273483258,4746931
2022-01-11,476.0741882324219,486.6949506118277,475.43792769424687,481.50691343048646,5346073
2022-01-12,487.4290771484375,490.2677985342134,480.6259082495578,483.5625227602476,9296587
2022-01-13,496.77728271484375,498.24558995439503,488.60369977345096,491.5892757508775,9366574
2022-01-14,495.651611328125,498.7350507112521,492.37238568745795,495.30900031382447,5461072
2022-01-17,495.26007080078125,498.24561706788785,485.5202869659575,498.24561706788785,6721706
2022-01-18,485.520263671875,501.5247887878288,483.3667344242154,498.0498069142923,6194537
2022-01-19,494.13433837890625,495.55371405222064,479.94070113691674,484.7371955514061,5799747
2022-01-20,492.763916015625,497.26673097141986,487.57590892114075,493.20442014768736,4243563
2022-01-21,495.9942321777344,504.90193948945046,488.7016270952,490.4146523278822,14173177
2022-01-24,468.2921447753906,489.92521206176673,465.45342324749265,488.40797310439734,11020372
2022-01-25,475.48687744140625,476.22103113791894,464.62139675845987,465.50237521971707,5498495
2022-01-27,478.81500244140625,482.43683904786405,468.34109500465644,472.40340587549645,6746500
2022-01-28,479.9896545410156,495.89631669907607,478.1298046324769,482.6325897143744,6616401
2022-01-31,478.71710205078125,489.19103920140725,477.8361236625949,488.3589924398138,4846015
2022-02-01,500.203369140625,501.81853111925193,477.3956736514305,482.38789472896644,9809417
2022-02-02,503.0910339355469,507.4470241857414,496.9241253833798,504.1188370911806,7283452
2022-02-03,501.8185119628906,505.58714344171835,498.24560699290345,502.16109309893807,5078613
2022-02-04,514.0543823242188,517.33357788848,501.23113007131326,502.16106992770153,12631663
2022-02-07,511.5581970214844,521.983201885643,508.4747877943976,516.6972721455343,10939353
2022-02-08,515.6695556640625,521.8364348993862,503.18894255269566,514.8864703199166,9863290
2022-02-09,530.842041015625,532.8977071621168,520.8575390420939,524.675162067308,9235351
2022-02-10,535.6874389648438,541.8053859607876,529.5694919688999,536.127943097667,10906403
2022-02-11,531.2335815429688,542.1479630550696,528.1011807552682,536.1768707297463,9110193
2022-02-14,510.23675537109375,522.6684350290101,508.71951653685073,519.7807522341502,4995178
2022-02-15,522.5706176757812,525.0177968533312,502.84638935207994,515.3270031575846,8233217
2022-02-16,518.1166381835938,526.632831610423,515.0821606357398,525.5071055628415,4348474
2022-02-17,521.2980346679688,529.3247933681126,517.1378305592041,522.5216241117231,5340469
2022-02-18,518.4103393554688,526.4370978655364,516.844168802782,519.7807833982523,3344269
2022-02-21,501.1822204589844,517.8230363726616,500.3991351886325,517.3336006104946,6308263
2022-02-22,505.29351806640625,508.2790644157362,490.9530256199019,491.2956366451011,10664925
2022-02-23,507.7406921386719,512.1945458052539,504.75514581792424,508.81742696071893,8928934
2022-02-24,506.71282958984375,516.256826219793,494.4279749783913,494.4279749783913,24819208
2022-02-25,522.6195068359375,535.3448360702328,512.047647060218,513.9075267696136,13815949
2022-02-28,561.6275024414062,567.7943807151778,520.5638325795824,525.6539761412378,35212827
2022-03-02,587.4207763671875,601.2718322996718,563.0958429473117,563.0958429473117,41248362
2022-03-03,593.4898071289062,600.9292667351066,584.2884504324077,600.9292667351066,18676314
2022-03-04,571.4652099609375,604.9426295656269,568.3328089914172,594.9581276139716,20490598
2022-03-07,606.6557006835938,609.8370335229995,574.3529364680898,574.3529364680898,20963374
2022-03-08,577.4852905273438,604.9426259197303,574.9401886162565,604.9426259197303,19477245
2022-03-09,575.6254272460938,586.2951514882216,572.7377441029876,578.8067599174387,15686460
2022-03-10,581.25390625,583.8968713468715,557.7609893810562,561.3828260141339,14824703
2022-03-11,576.6531982421875,590.2595364974916,573.3740024932101,582.4285642056509,7635725
2022-03-14,578.3172607421875,581.0091573229273,566.0324355682897,573.5208263183955,7904911
2022-03-15,547.92333984375,569.6053681681336,544.2036399725773,567.7454883597588,13005715
2022-03-16,560.5997314453125,563.242696498391,551.3983152592101,556.684245365367,10485661
2022-03-17,564.6131591796875,572.0526196119531,561.7254758456365,562.9001337818453,11581454
2022-03-21,577.4852905273438,588.2528777200898,570.2416170630831,571.6609927785154,14159371
2022-03-22,580.9113159179688,590.1126723653525,574.7933689134943,587.1271261762843,7490300
2022-03-23,595.5944213867188,598.8736172626934,584.8757656980322,588.3018162083972,13581577
2022-03-24,608.8091430664062,612.9693469529702,597.1116166597759,597.3074029094352,12139664
2022-03-25,609.5433349609375,617.6190253653818,603.621173946794,607.928172981817,11087146
2022-03-28,616.8848266601562,621.3876116284305,603.9637110071604,608.3686327243926,7075442
2022-03-29,617.9616088867188,622.5623172051177,611.305294173893,616.6890877975222,5245788
2022-03-30,587.1271362304688,608.8580963116061,586.1971963207487,608.8580963116061,11195965
2022-03-31,557.46728515625,587.6165135632596,556.1458326102978,587.3228640803336,23497993
2022-04-01,558.4461669921875,564.8088314715025,549.5873922431788,557.8588680154028,15300787
2022-04-04,575.0870361328125,577.1916338654021,557.0268440702495,559.9145270944149,15845385
2022-04-05,574.4507446289062,578.4641538271285,569.7521731428506,578.4641538271285,7065571
2022-04-06,568.9690551757812,576.9958133656555,563.8789114642335,570.6331486626145,9648592
2022-04-07,562.6063842773438,572.5419537178352,556.9778732558653,569.1159035308484,9357569
2022-04-08,569.45849609375,572.1993243492976,566.0813774638899,567.1581719630667,7157576
2022-04-11,564.172607421875,575.0381177337896,562.410650538899,571.0736998106986,8297062
2022-04-12,530.8909301757812,558.7398360926395,527.2201620780997,558.5440498449816,16701775
2022-04-13,535.197998046875,540.2392102211754,532.0655972660269,535.4427159243542,7396320
2022-04-18,533.8275756835938,543.9100004410772,526.0455946606273,533.4360629110951,7550655
2022-04-19,529.3736572265625,544.4483011419975,526.2412567024444,540.3370291881906,8143101
2022-04-20,533.4849243164062,537.4004099994625,525.2623804837602,533.4359926944821,4725779
2022-04-21,528.8353271484375,535.7852908906591,520.2212699093873,533.4849667670494,8575442
2022-04-22,503.28680419921875,518.6550389092755,502.45472757922806,517.8230220348596,23871439
2022-04-25,485.0308532714844,497.75618342795116,481.8495207323677,492.0297788829833,10749312
2022-04-26,483.024169921875,490.3167449192619,479.4023333005553,487.4780234480379,11623406
2022-04-27,481.8984375,487.08647448132126,466.38334780130083,478.6681734320889,17623544
2022-04-28,478.276611328125,491.3934831917539,469.85831062159735,491.3934831917539,25042778
2022-04-29,472.4523620605469,487.28226052135994,469.12420466347044,482.58368888699204,12462169
2022-05-02,474.1653747558594,475.73157521672744,459.58019457665335,467.7537780266426,14625673
2022-05-04,451.8960266113281,472.794939324126,449.3020230844179,472.794939324126,10366562
2022-05-05,451.84710693359375,465.8449579474641,450.4766927579291,460.0696218603703,6328868
2022-05-06,434.3742370605469,444.6523880219795,429.72459733989876,440.49218406139966,8595262
2022-05-09,434.71685791015625,439.0728183497197,420.42532741801296,424.68342460157737,10773327
2022-05-10,414.0626525878906,432.95486095779734,411.41968753715054,425.80911081733433,9661841
2022-05-11,413.6221618652344,420.81687373858637,405.203890426101,414.06266601223535,14197501
2022-05-12,397.2749938964844,413.08376223494696,386.2626898084674,407.21053338800454,23831422
2022-05-13,379.8021545410156,405.69331852005337,376.8166083165483,402.3161997844264,17007818
2022-05-16,382.6898498535156,392.33171085964096,376.86555209922994,387.4373530401705,13900633
2022-05-17,419.3485412597656,428.0604915652863,389.6397854986496,390.5697253653009,37772554
2022-05-18,426.8858947753906,429.1372874221059,414.5521071019323,425.31969429938505,18052317
2022-05-19,408.1894226074219,416.9503346340825,405.05702180376534,413.1816733189048,10319381
2022-05-20,420.0337829589844,425.80911905902025,412.15384915387415,422.8725044448201,9703961
2022-05-23,404.4207763671875,411.81127452002755,390.9123608775616,409.16830937637553,15828786
2022-05-24,392.3316955566406,406.7211189337365,391.54861028518553,405.64435428089456,12840838
2022-05-25,388.4651794433594,396.4919082059508,381.4662538561131,396.4429765777111,11103850
2022-05-26,399.2327575683594,401.826761135848,384.304966807527,397.9112750346461,13391224
2022-05-27,400.50531005859375,417.9292425011245,397.519763621052,414.16058085816206,20350558
2022-05-30,407.9447021484375,410.63659880328623,397.0302907769721,401.33731945017246,7161082
2022-05-31,413.6221618652344,419.4464595419453,403.2950789528155,406.1338004757411,39115757
2022-06-01,401.97357177734375,413.08376917399806,397.61761156636135,412.1048976830644,12551513
2022-06-02,401.23944091796875,405.64436287702307,397.81339050537093,399.37959095425913,7202046
2022-06-03,398.156005859375,408.0915461896055,396.7366301524324,405.25282464850955,12229014
2022-06-06,400.50531005859375,402.02257896565163,387.5842228334532,394.0937130134117,8810058
2022-06-07,395.6598815917969,404.2739390460849,393.70213854556886,399.3306498034744,7636671
2022-06-08,394.97467041015625,398.40072083502747,392.6253846648023,393.50636308521143,6911005
2022-06-09,391.30389404296875,393.80000449487795,385.088053854095,390.56974039560856,8798828
2022-06-10,377.5997009277344,383.52186186419954,374.6630862737274,381.759905020911,14541630
2022-06-13,358.7074890136719,369.8176571325856,352.88319138155975,369.8176571325856,12269608
2022-06-14,350.7296447753906,361.7909105946447,349.799734778638,356.16239949733546,11273145
2022-06-15,349.9465637207031,355.2324638834653,348.52718808656704,352.3937424879808,8393144
2022-06-16,328.99871826171875,356.0645093557123,325.2789886251893,352.78528384482036,16614475
2022-06-17,326.6494445800781,335.31243380376515,318.9652970228022,325.9642225535228,18606308
2022-06-20,314.70721435546875,327.5304380844798,302.4223879215019,324.00649440640797,20646347
2022-06-21,332.0821533203125,336.2423571570445,318.7205634427778,320.67830642476935,15208306
2022-06-22,309.763916015625,326.9430998837545,308.7850444590868,326.9430998837545,19176515
2022-06-23,310.8896179199219,320.7272652908655,304.52695268804257,310.30228900088275,18756690
2022-06-24,315.4902648925781,318.08429820325085,309.91071540080605,314.9029659049713,11621311
2022-06-27,322.9786682128906,330.85857195683013,319.4547247855384,324.4959071115065,15014176
2022-06-28,336.2912902832031,337.95538377443694,318.4268854928093,321.5103546014359,15742835
2022-06-29,336.8786315917969,338.29800726158993,327.97089468057254,332.27795331741135,12659696
2022-06-30,331.4948425292969,342.5071474035575,329.92864208373317,337.71068281065953,21225418
2022-07-01,333.9419860839844,335.65501110553635,323.27229335287507,327.9219326970875,11278576
2022-07-04,333.3057861328125,334.77409356071036,319.7484082406641,330.8586070863161,10905377
2022-07-05,337.95538330078125,349.35923023123206,334.5293330718088,334.5293330718088,20928565
2022-07-06,333.74627685546875,335.06772958907015,320.874091691601,332.6205506412307,22317536
2022-07-07,354.00885009765625,356.7986396746074,334.08881033056616,340.50043618254665,18699515
2022-07-08,349.9954833984375,360.2247022455578,343.6817803180773,360.2247022455578,25506273
2022-07-11,348.6740417480469,355.62400552969444,340.4514972144686,344.5627694812577,13745531
2022-07-12,339.5705261230469,348.4782629770747,334.3825189885147,342.60503382577565,16896696
2022-07-13,341.52825927734375,344.4648737679018,336.7317949173231,338.6895379110284,13690887
2022-07-14,341.7240295410156,347.0099294022043,339.1789577936919,347.0099294022043,9511166
2022-07-15,343.1434326171875,344.46491527171867,337.31916443283325,337.31916443283325,10062417
2022-07-18,359.34375,360.3226215446076,346.71631304912,348.3803767512796,13863266
2022-07-19,360.1758117675781,363.5039691831078,355.6240349976085,356.79869284910836,10868823
2022-07-20,361.54620361328125,368.25147953186286,359.6373921910496,367.07682175313755,10150339
2022-07-21,368.00677490234375,371.48175699095634,363.0145239721762,363.79760927099926,12521152
2022-07-22,373.1947937011719,373.92894739369876,368.7898715460105,370.74761472608225,9498042
2022-07-25,378.8721923828125,380.34049959505353,372.26480992772787,372.95003190922165,7734139
2022-07-26,373.8310241699219,381.17256050425965,372.998977410806,379.21481748176956,5532712
2022-07-27,380.4384460449219,381.6131039284866,371.1391657305386,373.83106266364956,4744697
2022-07-28,384.1091613769531,386.89895105933874,377.74649678015186,385.6753617138,7586494
2022-07-29,406.2806396484375,407.9936649232133,386.85006257278343,388.12258368492945,15509534
2022-08-01,415.0415344238281,418.9570205976378,410.0003519496059,411.1260482500184,15535311
2022-08-02,409.5598449707031,411.61548117228057,398.9880443237172,410.1471738672665,15535733
2022-08-03,405.4975280761719,413.5732181344179,400.9457814724454,408.18942476225385,6883530
2022-08-04,412.7901306152344,423.85136680680483,409.5598366858746,417.9781377055558,20678616
2022-08-05,402.1203918457031,417.48868602358766,400.407366756509,414.0137042203373,12217436
2022-08-08,412.4964904785156,413.62218685545497,405.25284653909006,406.13382501352993,7643955
2022-08-10,430.8013610839844,435.0104966626368,407.79788040897523,414.11158377695386,23766201
2022-08-11,428.2329406738281,441.07498964443886,426.7511657926038,441.07498964443886,14865139
2022-08-12,430.94952392578125,437.3211679141723,427.7390117131537,430.35680794947723,9420634
2022-08-16,423.6888122558594,429.46774014804834,417.21840752798454,428.72685272973655,11154059
2022-08-17,433.6167297363281,437.0247938352654,421.4167773273865,425.7139304621035,12297570
2022-08-18,432.7276306152344,435.64179983840074,428.38109714507016,431.69040029338123,6755688
2022-08-19,422.15765380859375,436.62964857475737,419.9349915703738,436.62964857475737,8116871
2022-08-22,413.4151916503906,420.231350071183,411.2913203510782,416.8726663714811,7407485
2022-08-23,422.70098876953125,426.5535975560551,408.82170899154545,410.0071108468207,8605014
2022-08-24,423.6394348144531,426.89932741935246,420.0337887158738,424.7754561678704,6538727
2022-08-25,427.4920654296875,431.4434652256869,424.47913514395316,425.71394758020296,6818164
2022-08-26,434.7033386230469,440.03775222731065,430.7025585666357,430.9001406063442,11051127
2022-08-29,424.9730529785156,427.73902073052926,412.97065218238833,412.97065218238833,7716457
2022-08-30,433.6661071777344,436.23452295347465,428.0847612582211,428.72685766545953,8824878
2022-09-01,416.8232727050781,426.35601810417785,415.687221215346,418.8483529187302,14093149
2022-09-02,409.8589172363281,420.03378928833484,408.22897093165705,418.94714836962527,10102220
2022-09-05,424.0839538574219,424.97304289291446,409.9577122180216,409.9577122180216,14707728
2022-09-06,425.71392822265625,427.6402174475433,421.91070006258497,425.22000327061545,6180669
2022-09-07,427.5908508300781,428.2823276972106,417.56418000896247,419.09533535105857,7043379
2022-09-08,415.44024658203125,431.6410084041515,414.05726280732927,430.2086140483762,12076714
2022-09-09,420.8240661621094,425.4175622633947,418.10747888054647,420.8240661621094,8000436
2022-09-12,425.9114990234375,427.6402364323263,423.4418741535964,426.75117750854105,5530132
2022-09-13,431.3446350097656,433.9624311074066,426.9981016584468,426.9981016584468,7628228
2022-09-14,436.6296691894531,442.4579777488236,418.94716146656805,420.824070304767,12387075
2022-09-15,419.2434997558594,434.1600395678671,418.6014033376193,434.1600395678671,13039806
2022-09-16,407.48809814453125,419.14471531758704,400.86949152201413,418.84837239583334,14826674
2022-09-19,407.142333984375,411.1925246408252,400.7213095755693,409.56257832025494,6080201
2022-09-20,416.329345703125,422.30582544307873,410.747969740659,410.9455517761889,8758050
2022-09-21,406.3520812988281,418.7495860618751,405.80874574047897,412.82248638613225,6859320
2022-09-22,407.09295654296875,409.95771527092626,398.5974412332982,404.03061577303333,8704463
2022-09-23,391.5343017578125,407.68565315151994,389.6573930353491,405.7099534127615,9228856
2022-09-26,368.8631591796875,385.2614741069297,365.10934149069396,385.2614741069297,13092570
2022-09-27,369.06072998046875,375.3335828971108,360.66400580063885,370.7400567283628,14934966
2022-09-28,356.3668518066406,367.5789542130052,354.4405324408631,363.5287635893105,10751444
2022-09-29,366.6899108886719,372.3206374755204,361.55307912651983,362.29396658374634,14020084
2022-09-30,385.8047790527344,390.5464768164821,370.5918961226339,371.43157459455887,17706821
2022-10-03,376.3214416503906,384.71816602768223,374.4939132565638,384.2736215019342,8504297
2022-10-04,389.2622375488281,396.02901533256085,385.5578004570167,391.18855689528453,9017446
2022-10-06,407.6362609863281,408.92048396261157,394.547249625713,397.11566543149297,11758976
2022-10-07,406.1051025390625,406.9447809888364,400.8694799472166,404.96908117609155,5241693
2022-10-10,402.5488586425781,404.178805046988,395.13998394363495,398.59745880314176,6519737
2022-10-11,391.2379455566406,407.4387082295349,389.114074275373,398.1035145031895,7054654
2022-10-12,395.3375244140625,396.5229261531439,386.99018107248315,393.2136231063195,6584436
2022-10-13,396.6711120605469,411.4394800041648,395.1399567867129,406.00630559834747,16565725
2022-10-14,392.3245849609375,406.2532746940923,391.58369752988443,406.2532746940923,6115990
2022-10-17,383.5821228027344,391.0897884379303,381.60642290646115,390.2501099526566,8966396
2022-10-18,388.6695556640625,393.5593945866564,386.5950648423015,386.7432362981159,7081590
2022-10-19,385.55780029296875,393.26304752872977,384.76753243909974,389.212856947382,6208852
2022-10-20,390.3982849121094,391.8800597331622,375.48174568415334,378.3465043088317,8222063
2022-10-21,388.9659118652344,393.2136545265714,381.5570373535156,392.37400619934,7988528
2022-10-24,390.7440185546875,394.0039413350215,389.5586167546643,390.2007131646919,793366
2022-10-25,393.55938720703125,397.9059206612084,386.74322904630037,389.6079876765454,6156624
2022-10-27,407.3893127441406,408.37716269266997,400.42498266572403,403.04277899996913,9752346
2022-10-28,400.02984619140625,407.48810119702455,394.8930144327529,407.48810119702455,6569623
2022-10-31,400.7213134765625,403.7836542537773,398.1035172214612,400.0792170587885,4257977
2022-11-01,409.364990234375,409.9577062004076,401.06705715027823,401.06705715027823,7483252
2022-11-02,416.18115234375,421.6637373970099,408.96986010591115,409.7107475336392,11554760
2022-11-03,405.3642272949219,410.846782381385,403.98124341378394,409.95772346828124,7304472
2022-11-04,425.31878662109375,426.75118111642666,406.9941819906662,407.4387265297111,13317485
2022-11-07,432.1843566894531,433.5673406015017,421.1204250994878,426.7511819196429,9887999
2022-11-09,412.0321960449219,427.73900330074196,410.5504212066976,424.8742446428656,13898567
2022-11-10,410.0564880371094,415.2920803017897,407.73503480775656,410.25403992350573,5574432
2022-11-11,424.6272888183594,426.5535780501397,415.1933041125487,415.24271469600154,14060782
2022-11-14,450.0150146484375,453.0773554002011,428.7762415736844,429.71471104733007,30135088
2022-11-15,451.3486022949219,454.954248312804,444.0878996772884,450.45954343591865,11841577
2022-11-16,441.96405029296875,450.01502115012664,438.75353803760987,450.01502115012664,7137989
2022-11-17,435.0985107421875,439.00049985084513,431.1964914867426,438.0620605118558,6533823
2022-11-18,433.2709655761719,438.50655790778603,429.1713945829133,435.14787432825324,6128677
2022-11-21,425.31878662109375,439.0499251309279,423.19491524443214,434.456398716758,6372470
2022-11-22,425.4175720214844,431.04832875659514,423.7876256445169,427.4920629316193,6108017
2022-11-23,428.08477783203125,433.9624668911281,426.3066298506972,429.22079923447956,6031033
2022-11-24,433.0240173339844,434.25882973076955,427.3932607459291,430.25801947711335,4733568
2022-11-25,435.2960510253906,436.43207237743115,429.0726087338387,432.6782548280485,4800030
2022-11-28,425.9114990234375,431.196502274255,423.78762766473176,429.7147273523504,5613201
2022-11-29,430.6531677246094,435.5430065479868,426.99811110582203,427.73899851664765,6518828
2022-11-30,445.2239685058594,446.45878089893444,432.8264339913136,433.41914996934696,13921394
2022-12-01,457.7696228027344,460.83196342289745,448.5332205075593,449.4716899408753,13243436
2022-12-02,455.49761962890625,464.6846121385619,452.435278743425,457.67087143872754,6621056
2022-12-05,475.3533935546875,477.9711898132859,460.4862341708663,460.4862341708663,14599958
2022-12-06,464.2894592285156,471.6983335779068,461.5234915301243,471.6983335779068,7409338
2022-12-07,458.65869140625,466.3639386285597,457.47328962751584,464.28944783229224,5510513
2022-12-08,465.9194030761719,467.20362604463656,455.6951504990731,459.3995876540519,4902003
2022-12-09,457.2263488769531,470.2165695051431,456.28787937909965,468.2408696332728,5405738
2022-12-12,456.3372802734375,461.2765298482261,448.9284059112545,453.4231109655974,4809486
2022-12-13,452.5340576171875,460.33806601163235,451.7437595874642,458.6587090769093,4359377
2022-12-14,463.5979309082031,465.227907307531,455.44816949870585,456.04088544875367,6639699
2022-12-15,455.3988037109375,464.9315492126226,453.4231039117577,461.32590310847684,3986930
2022-12-16,451.200439453125,457.1275388219674,447.05145783622083,452.4352518216338,6460140
2022-12-19,454.5591125488281,457.37449071324517,449.5210721725216,453.42309122544174,3690005
2022-12-20,451.4967956542969,453.6700775455654,438.8523286872453,452.4352651407054,7580480
2022-12-21,451.5955810546875,458.26356795793,446.4093690188322,453.7194523352518,5557133
2022-12-22,449.96563720703125,457.37451158475403,441.7664949543995,453.8676564380134,4435416
2022-12-23,424.3309020996094,447.397202729355,422.4046129298326,447.397202729355,7766201
2022-12-26,437.5681457519531,439.9883600322029,423.88641796697675,425.7633268355019,3939359
2022-12-27,465.2773132324219,466.66029709377653,441.32195262544474,442.50738459048426,13898138
2022-12-28,460.2886962890625,467.9445334020257,458.31299638894296,461.9680231160913,7519133
2022-12-29,464.190673828125,466.46274674418675,449.71867845311533,453.71945859151214,8427104
2022-12-30,467.5987548828125,476.4399933749423,466.0675694540354,468.19147085050736,8024424
2023-01-02,481.1322937011719,485.0343129619226,469.3768856281935,470.1671836559187,11255811
2023-01-03,474.06915283203125,482.51528741992547,472.6861690251602,480.5889680893217,5906501
2023-01-04,455.8927307128906,471.64894874098906,454.41095585683576,471.20440422545795,9899885
2023-01-05,460.0417175292969,461.77045488075385,453.07735753964084,457.6214731785423,7087634
2023-01-06,457.02874755859375,468.24084988801206,455.4975922811766,461.3259006280625,6004013
2023-01-09,465.03033447265625,468.240846606562,460.53562954390264,465.27729694449516,6047398
2023-01-10,471.7477111816406,474.66188046694737,467.54934907553337,472.19225569864903,7092319
2023-01-11,484.98492431640625,487.4545490860248,475.1558056746097,476.04486456231507,11383752
2023-01-12,479.7492980957031,489.5784166633117,476.3412340274249,488.9857006937196,7278634
2023-01-13,482.5646667480469,484.04644156917703,476.7857389162822,481.7249883200493,7445162
2023-01-16,477.1808776855469,486.7136532490624,475.40275994084624,484.9849159401866,3294109
2023-01-17,481.9719543457031,483.3549381596029,471.1550161597291,475.89668356361005,7819426
2023-01-18,496.839111328125,497.8763416478436,482.56466844240396,482.56466844240396,12045667
2023-01-19,492.83831787109375,496.88850856269175,485.0343095512558,487.15818084478065,7945795
2023-01-20,483.9970703125,495.4561050291231,482.3177134246571,491.9492499446579,5664588
2023-01-23,488.1954650878906,494.27073634734194,485.23191519091057,487.9978830360432,5559031
2023-01-24,478.7614440917969,491.850455159795,477.6748031813228,490.66505337755746,3293586
2023-01-25,483.15740966796875,489.7759861502881,478.21815998857176,478.21815998857176,7341066
2023-01-27,473.18011474609375,488.7881315245151,462.26438511807726,487.5039386789087,4591590
2023-01-30,466.6109313964844,477.4772808810581,458.3129978194403,473.18012755552814,5804476
2023-01-31,462.7088928222656,470.56231168258245,459.8441341063845,469.17932783492813,5679604
2023-02-01,462.16558837890625,474.7606747847131,449.0765770160089,467.25300940758063,6075062
2023-02-02,459.745361328125,465.2773270850329,455.20124552256533,461.3259272796398,3356544
2023-02-03,454.0652160644531,463.2522385373237,444.73005227765015,462.0668065579896,5707642
2023-02-06,441.9146728515625,451.44741866043967,440.5810694147836,451.44741866043967,4398369
2023-02-07,424.3309020996094,436.530854095339,420.33012216125417,434.6539453606389,16652967
2023-02-08,431.19647216796875,434.456364709837,426.7511477126289,426.7511477126289,6121515
2023-02-09,439.148681640625,442.2604330894082,426.5042143846364,431.69042660355785,11431814
2023-02-10,427.8871765136719,439.54382337701264,425.7633052661793,439.1486593010998,6648361
2023-02-13,422.50341796875,434.45637774543195,421.3673664564257,429.2207852885441,6437475
2023-02-14,429.5171203613281,429.9616648707993,420.1819569835089,424.28152800001914,3951666
2023-02-15,428.677490234375,431.9373829526612,425.3681869313951,430.2086455709182,3623450
2023-02-16,429.41839599609375,432.67828885339696,427.7390389806413,431.59164785203296,4282249
2023-02-17,424.28155517578125,432.678279783451,421.41679633899275,429.46776743345964,4014137
2023-02-20,428.9738464355469,430.25803932873987,423.78763412976303,424.67669306711116,3749802
2023-02-21,426.2572326660156,432.9745999401606,424.77545781317895,432.4312945528351,3761409
2023-02-22,424.4790954589844,429.22076271216537,421.56492632316815,425.26936328558617,5276939
2023-02-23,431.1471252441406,433.172205594705,424.87427199579463,425.1706149238032,5037774
2023-02-24,410.2046813964844,432.6782671924387,409.2168314713875,432.6782671924387,10814032
2023-02-27,406.7966003417969,409.9577322637507,396.62175784071303,409.9577322637507,8301373
2023-02-28,394.3497009277344,408.87107669330584,393.16426896259964,408.47594275385666,12174759
2023-03-01,408.0313720703125,409.8589003382331,396.76988971068295,397.1156431905791,7935816
2023-03-02,405.8087158203125,411.73581505905196,403.0427482342817,409.95769734614436,4804013
2023-03-03,411.8346252441406,414.25486960465463,407.1917487124349,408.17959863153663,5102333
2023-03-06,409.4637756347656,417.07023177644186,408.87105967686597,413.90910009883424,5071598
2023-03-08,402.7958068847656,404.9690887782972,391.28736128884407,404.9690887782972,7044653
2023-03-09,403.8824462890625,413.4151919987442,403.0427678267327,406.0063175901646,6982179
2023-03-10,400.7213134765625,404.5245416927751,390.59585181025983,398.1035172214612,5239128
2023-03-13,397.36260986328125,409.90831526012767,393.65817285399027,404.03059648000504,5962595
2023-03-14,397.8071594238281,402.9933713028121,394.5966473082666,399.38769511713735,5841181
2023-03-15,401.2152404785156,407.73505600424625,400.07921909562623,402.99338842923515,5681268
2023-03-16,380.2728576660156,395.97966614544106,378.4453291938121,395.7327036531646,16739755
2023-03-17,391.88006591796875,393.21363916053457,381.85336535317026,384.5205721318747,9861244
2023-03-20,381.0631103515625,389.2622527087075,376.37082318585954,388.9659097885359,6331283
2023-03-21,383.8290710449219,385.8541814515179,380.2728354810411,382.9894227375976,6080002
2023-03-22,387.9780578613281,391.9294575594702,383.53273320091824,385.3602615906664,6511605
2023-03-23,393.95452880859375,395.7820571564178,381.31006212332255,382.29791202519647,10453779
2023-03-24,383.680908203125,396.12782339656405,381.45824585239615,395.9302413511176,8833099
2023-03-27,385.21209716796875,391.7812932567713,384.6687616114768,385.26147760638264,7066058
2023-03-28,388.126220703125,394.94237900172425,386.99019934448955,388.2250117227426,6424209
2023-03-29,394.2015075683594,396.0290359916778,385.1626866221807,390.10193633558845,6959623
2023-03-31,400.4249572753906,405.31479612248086,396.22659526035267,399.1407343356603,7468634
2023-04-03,397.6589660644531,401.9561191683,394.6954163579086,401.56098523678475,5200766
2023-04-05,398.39984130859375,399.68406423023197,389.50919246082344,397.1156485337412,5607641
2023-04-06,400.326171875,401.56098424969156,393.90514752660397,396.1278098010487,4174551
2023-04-10,406.45086669921875,408.821700507356,400.5731475433814,401.8573403966427,5327008
2023-04-11,412.4767150878906,412.970640039569,406.1544817357649,407.8832190666391,4965642
2023-04-12,412.57550048828125,417.26778746531653,410.5504202726963,414.7981627405611,4701591
2023-04-13,416.9220275878906,417.6135345589438,410.3034515150042,412.97062808881134,6368113
2023-04-17,423.49127197265625,423.9357863477547,416.47753152438355,417.2184189630014,6920340
2023-04-18,426.3066101074219,427.7390045138155,422.7009640202077,424.77545482896227,4866068
2023-04-19,427.78839111328125,432.0361638108432,426.0596537722098,429.1219945200366,5982454
2023-04-20,424.6272888183594,430.40621680727395,422.8491408965774,426.65236907025877,3830118
2023-04-21,417.2184143066406,425.61513851726426,413.90911108839043,424.7754600668446,5139533
2023-04-24,422.6021728515625,423.73822434778265,413.26700943565555,413.90910583778884,2308450
2023-04-25,424.577880859375,426.454819812878,419.83621333222,419.83621333222,3648159
2023-04-26,419.6386413574219,421.81192327846156,416.9714646144597,420.4289393954307,5184973
2023-04-27,425.56573486328125,426.2078614308022,416.9220480351302,419.836217367336,3271257
2023-04-28,430.8013610839844,431.69041999282723,425.66452938233414,428.2329452331592,4913550
2023-05-02,440.7292175292969,444.43365457590664,432.6782470440221,433.66609692311806,5178547
2023-05-03,436.9259948730469,438.5065607285195,428.9738153066185,435.6418020730427,4826725
2023-05-04,440.0871276855469,441.0255971433664,435.1478782165733,439.5932027386495,3100187
2023-05-05,428.9738464355469,438.1114585933564,427.3932804653789,437.6175336118532,3034975
2023-05-08,439.642578125,441.47010643688697,430.90013078275933,432.9252109830644,4090222
2023-05-09,434.99969482421875,441.27254750702735,433.8636735068878,439.1486461762256,2941913
2023-05-10,431.1471252441406,437.4693589315586,428.38112727997833,435.6418304840705,3075599
2023-05-11,415.73663330078125,428.7268533581989,414.4524103524199,428.7268533581989,11081500
2023-05-12,399.8322448730469,413.90910587228325,398.89377541438324,413.90910587228325,11152831
2023-05-15,405.7099609375,407.8338321666999,399.4371081212417,403.5366791258435,5148782
2023-05-16,407.4386901855469,412.62490199344086,406.00629581798574,408.5747115045856,4010692
2023-05-17,402.74639892578125,408.3771250249613,400.62249761491626,406.7965592237443,3727878
2023-05-18,401.5610046386719,408.37716326369764,400.72132615189025,406.0063294132697,4078918
2023-05-19,401.8079528808594,403.4378992110679,395.5350998919606,403.0427652744699,5523299
2023-05-22,402.74639892578125,404.0305916817034,397.8071496387189,401.067042109466,4237198
2023-05-23,405.3148193359375,408.7722941345758,401.9561355609036,404.22820851665284,3690618
2023-05-24,401.95611572265625,405.512381369382,398.6962231321163,403.9318155100832,7866105
2023-05-25,399.33831787109375,400.8200927054948,392.96667402445456,399.58528034349393,8018242
2023-05-26,408.52532958984375,410.2540669804494,398.20231583115674,400.17801570613466,6401768
2023-05-29,414.7981872558594,419.83622802147465,410.4516535127593,411.9334284351881,8350721
2023-05-30,408.080810546875,416.3787438976849,406.5990356575594,416.3787438976849,5596603
2023-05-31,400.9682922363281,405.7099901265083,399.43713685894636,405.51240807603847,22945527
2023-06-01,401.412841796875,409.36502200573307,400.9682972511523,404.08001863084513,4269628
2023-06-02,415.6378479003906,416.77386926279905,407.0435416604914,407.0435416604914,11695310
2023-06-05,414.6006164550781,420.8240587868736,413.3163934927739,419.68803742748696,8039709
2023-06-06,410.5010070800781,416.8726508881493,408.77226978374097,414.60060821453493,4383684
2023-06-07,417.46539306640625,418.5520340359928,408.8217060418578,412.92127728700035,6911473
2023-06-08,413.168212890625,420.5277065656816,412.62490751457585,418.7989692732522,5571023
2023-06-09,410.0071105957031,416.7245083586345,409.4638051807166,416.7245083586345,3518826
2023-06-12,411.73583984375,415.88482161933246,408.96987209122005,412.8718913836556,2813911
2023-06-13,416.27996826171875,418.84838419415377,411.83464342946945,413.9091343805435,4247391
2023-06-14,419.8855895996094,424.7754586826946,418.9965307154448,421.81190897095485,7213168
2023-06-15,417.9098815917969,420.47829732093265,415.63783891609177,419.737409907535,4863359
2023-06-16,421.7625427246094,426.2078674417812,420.62649117945756,422.50343017747133,7931068
2023-06-19,420.9722595214844,426.7511878868093,417.90991857905,419.0953506041177,3950931
2023-06-20,423.7382507324219,427.9859934849828,417.90991187393786,420.97225276723884,5090801
2023-06-21,415.83544921875,424.47913629595706,413.02007082710213,423.73824883219646,5689533
2023-06-22,414.94635009765625,420.2313532405397,411.14315199320293,416.77387849337316,3566261
2023-06-23,403.53668212890625,411.88402580081356,402.49945179781577,410.94555634179926,5403772
2023-06-26,409.661376953125,410.9455698000352,403.24035242499946,405.01847023561163,4460980
2023-06-27,412.6742858886719,414.2054411384613,408.96984885196923,410.94554860487733,3047635
2023-06-28,415.09454345703125,416.42811671558405,413.26701509762415,414.6499989396558,4613401
2023-06-30,415.83544921875,417.51477604853454,409.6119764350881,414.74880824254353,4115005
2023-07-03,420.4783020019531,423.54064270744584,416.9714469315448,418.8483557036899,3693861
2023-07-04,420.6264953613281,423.73824681171556,418.00869903121384,422.7503968647451,2721964
2023-07-05,416.37872314453125,422.20703138932055,414.2548519383944,419.8361977139402,4783528
2023-07-06,421.2192077636719,422.79977369469185,412.08159583218617,413.859743809629,5021705
2023-07-07,417.5641784667969,419.83622125250724,413.4151966921748,418.74958029755504,6769909
2023-07-10,422.6515808105469,430.900133408615,417.8605028221181,417.8605028221181,6502214
2023-07-11,419.490478515625,426.60301026991044,418.8483820724659,424.0345943504858,3055356
2023-07-12,419.6880187988281,422.89853084190395,417.1196031350104,420.3301151780862,2854995
2023-07-13,429.91229248046875,434.1600350307006,424.97304293518204,424.97304293518204,11590791
2023-07-14,441.51953125,443.0506865584325,434.25882835062146,435.6418122012681,10801568
2023-07-17,441.667724609375,448.6320547917447,438.01266768654403,442.35920149559405,8441112
2023-07-18,439.0992736816406,443.54459816210715,436.8272310058943,441.5688983930109,3963196
2023-07-19,433.8636779785156,439.00047925015036,433.1721710059947,438.60534532876085,5062700
2023-07-20,436.18511962890625,437.5187230487705,432.92522695527106,436.62966415112334,5156038
2023-07-21,429.2207946777344,436.08636375143266,428.38111620769547,436.08636375143266,4309067
2023-07-24,427.6896057128906,432.23369091711453,426.2572113680037,428.7268359993363,3399581
2023-07-25,444.03851318359375,445.02636304607114,429.7146901776714,430.85071149016335,8482756
2023-07-26,443.54461669921875,446.16241297331993,440.9762008626943,444.03854166213546,4218466
2023-07-27,445.9154357910156,454.0158169745132,442.6555432019516,445.52030186306644,5615100
2023-07-28,446.0142517089844,447.15027312030304,438.01266109747223,445.0264017605702,3886408
2023-07-31,456.9794006347656,457.62149708377694,447.4960349248807,447.5454153645013,4974267
2023-08-01,458.4611511230469,465.8206148943757,456.4854512950198,459.3502100163017,6249656
2023-08-02,448.977783203125,455.59638964569217,444.1867051197849,454.41095769733226,5986653
2023-08-03,447.7923583984375,452.9291900608965,439.5932160896378,444.5324657086225,4026983
2023-08-04,451.4474182128906,460.33806758688627,448.38507739915684,458.36236772599835,7576934
2023-08-07,459.2020263671875,461.67165108665523,453.5712699480866,453.62068053054765,3770469
2023-08-08,449.2247619628906,461.572886260936,446.50817461732066,459.20205242506887,6448476
2023-08-09,463.20281982421875,464.09187871972426,445.42152132696054,449.22474953489814,6171305
2023-08-10,463.20281982421875,465.27731067825624,457.3745113461415,462.31376092871324,4285159
2023-08-11,456.8312072753906,464.2894621079849,454.41096291419797,461.3259123498488,4422888
2023-08-14,448.2304992675781,455.9860587092486,445.04875696688975,455.9860587092486,4566085
2023-08-16,442.66241455078125,445.44644268007943,436.49774182266714,444.4521425848114,5066857
2023-08-17,445.0487365722656,446.68932568971195,437.98919970243315,440.4749499845128,3558210
2023-08-18,436.9949035644531,444.94930453946023,435.65259233119434,444.94930453946023,3990678
2023-08-21,446.8384704589844,448.2802177788251,437.3926192640283,440.4749557226877,3775298
2023-08-22,447.7830810546875,451.8099845466186,445.79448074388057,447.1864948927189,3254685
2023-08-23,458.6209411621094,462.64784460559207,450.3185288956515,452.1082873600245,9182054
2023-08-24,453.89801025390625,463.24442542589554,451.26312097285637,461.355261243839,5950400
2023-08-25,447.43505859375,451.71053701619303,446.34132238179444,450.417958984375,3304204
2023-08-28,443.7561340332031,450.2688180637555,442.96070606996904,447.98190956810186,4259997
2023-08-29,453.4505615234375,455.8866089760293,444.8001686105513,445.44645762543325,6062408
2023-08-30,454.1465759277344,462.4986907956101,453.1522758162341,457.5769234498627,5510658
2023-08-31,457.2289123535156,462.34955185914333,454.14657593906173,459.6152265524495,9294166
2023-09-01,470.5525207519531,475.7725962595025,459.46608074274104,460.31124189364186,11151562
2023-09-04,483.87615966796875,489.49394942049435,472.29256904331703,474.8777554899648,10359653
2023-09-05,483.32928466796875,486.9584739641618,475.4743199468698,483.2298485892448,4941534
2023-09-06,475.4245910644531,482.1361168004125,471.5468267079584,482.1361168004125,5138246
2023-09-07,472.3919982910156,476.7669127985428,470.85081488183806,472.8394151437715,4055611
2023-09-08,473.4360046386719,476.0708939356382,465.0341866787743,470.30396527270693,5637990
2023-09-11,482.08642578125,485.01959296880483,473.7343107288354,475.2754637982598,5960678
2023-09-12,475.0268859863281,488.10192659624164,472.6902746176167,487.20706255008014,6817270
2023-09-13,480.4458312988281,482.0366872198214,471.14911908531934,475.7726085859233,4162140
2023-09-14,494.5151672363281,505.9993214032604,483.2298548858037,483.2298548858037,16108768
2023-09-15,493.7197265625,505.10447539940816,492.12887059992755,504.9056032322704,8515363
2023-09-18,481.7384033203125,491.18425436580884,480.39609210301575,491.18425436580884,6238600
2023-09-20,475.57373046875,483.62756742836115,472.54112727074585,479.25265301314994,5861905
2023-09-21,476.8166198730469,483.67731511213253,473.6845805016043,476.26976693364486,5146457
2023-09-22,476.1206359863281,479.0538032416854,468.81252376767077,476.26977494106956,3684720
2023-09-25,466.6747741699219,476.0708922342365,464.5867378188635,476.0708922342365,5768069
2023-09-26,468.8125,471.5965281594722,463.5427215754164,465.82959968186634,4666823
2023-09-27,472.24285888671875,473.03828685327574,463.5924356181604,463.5924356181604,5656858
2023-09-28,464.18902587890625,476.8663526489176,461.8027116144541,473.28686608042324,5869780
2023-09-29,489.8419494628906,491.6814107589254,471.4971304021289,475.27545873158004,11604605
2023-10-03,477.21435546875,481.7881117529112,473.8834439928774,480.3463947828627,4657602
2023-10-04,470.70166015625,475.17601059565095,467.3210458929844,471.298246283563,3302259
2023-10-05,467.867919921875,479.6503826793764,465.6804778145265,470.7016813967625,4801287
2023-10-06,469.90625,473.7343115895377,466.67477456035414,472.2925642559352,3134022
2023-10-09,467.1221923828125,470.8011150284071,461.95184987484663,469.7571120216575,2681298
2023-10-10,477.91033935546875,482.0366787221122,464.3381489921961,470.30394962164615,7863825
2023-10-11,481.1418151855469,483.18014860885984,477.3634869205066,482.88184037090537,7006735
2023-10-12,481.63897705078125,491.184264370431,479.7995157409915,480.34639901883816,6895255
2023-10-13,477.86065673828125,484.72132168416135,474.77832021371705,476.2697704342837,4652247
2023-10-16,480.6446838378906,483.7270203549218,472.5908465977873,477.0154943787744,5043158
2023-10-17,481.5892639160156,485.6659004320917,477.96007458649143,483.7270030818753,4495043
2023-10-18,482.2852783203125,491.9797048370906,480.793828086962,485.0196037481217,7437952
2023-10-19,477.21435546875,479.5012336108306,468.3153572435484,475.7229052864457,6035837
2023-10-20,469.06109619140625,477.1149334824971,467.3210709273152,472.2925716818611,2777724
2023-10-23,454.0968933105469,471.24857099882337,452.4065709081622,468.11650123301456,2994345
2023-10-25,458.57122802734375,470.303957319858,456.7814696030343,463.34385647157256,7854105
2023-10-26,454.0471496582031,455.83690810375265,446.1921846763596,454.0968828710315,6625855
2023-10-27,453.54998779296875,461.752963676689,451.85969581704757,455.38944905986256,6193726
2023-10-30,454.0471496582031,459.1180864051455,451.41226037452316,456.13518600619494,7523779
2023-10-31,456.88092041015625,462.3495712529329,450.6665444524555,462.3495712529329,5236060
2023-11-01,460.06268310546875,463.343861402843,453.4008600851854,455.88661041459983,4931538
2023-11-02,471.49713134765625,473.08798727253225,460.6095328429498,460.6095328429498,3933951
2023-11-03,472.4914245605469,478.70580025003414,471.5468273182923,476.2200499742392,3274345
2023-11-06,479.2029724121094,482.03670358233813,475.5240496967619,477.26407497009035,4294682
2023-11-07,481.7881164550781,488.6985145046516,477.56234089730646,479.2526632578679,5425669
2023-11-08,485.2681579589844,488.6488026177188,475.42459291009004,488.6488026177188,8220612
2023-11-09,481.688720703125,486.0139020887839,480.3961122995353,486.0139020887839,3271496
2023-11-10,478.556640625,485.4670386687462,476.8166153967966,479.3023657228014,3498064
2023-11-13,484.7213134765625,489.5436751767993,478.3577987119555,479.2526627604166,4918873
2023-11-15,502.519287109375,510.5731243509203,491.38314369387905,494.16717196184493,11674265
2023-11-16,501.425537109375,504.5576067543526,494.3162973380957,501.1272592115826,4171759
2023-11-17,494.91290283203125,503.56332632988347,494.0180387600268,500.18268152332706,3595049
2023-11-20,494.4654541015625,503.06617470256447,493.7197289865831,497.2992156072108,4305637
2023-11-21,503.9610290527344,508.03766567139553,499.03923125133593,499.9340953033269,7154476
2023-11-22,497.3986511230469,503.96103819609544,496.1060730626789,502.0221407619109,4337970
2023-11-23,499.0889587402344,500.13296173164497,488.847649269968,496.15576124073726,6628259
2023-11-24,504.90557861328125,509.82737624544836,499.6855030885838,501.9724115246298,5973059
2023-11-28,512.6611328125,515.2960524836077,506.89420408279443,508.8331015117921,7804926
2023-11-29,514.5006103515625,520.3669446599761,510.97085705533055,516.0417634034651,6275280
2023-11-30,512.7108764648438,516.7874826446633,508.43536778175866,516.3400354573021,7599701
2023-12-01,514.2520141601562,521.8086705027549,512.3628197308761,517.0857451168156,4933886
2023-12-04,516.2903442382812,523.648189499924,513.6057217408027,521.0629727408742,5985489
2023-12-05,517.682373046875,525.7858824762378,512.5120003723741,515.3954342595247,6399021
2023-12-06,520.0189819335938,523.9464796898569,512.6611364993977,518.0303816202721,4831956
2023-12-07,513.1085815429688,519.4224239234912,512.1639842606724,518.0303794351317,4628885
2023-12-08,517.384033203125,522.057255814579,511.07025183762335,516.5389023923061,3733998
2023-12-11,519.4224243164062,520.8144081185534,514.1525849545344,517.3343575822877,2597347
2023-12-12,524.443603515625,535.430607559287,519.1738250865701,522.0075561162964,9498031
2023-12-13,529.8128051757812,532.199149786019,520.3172509788923,525.9350710432254,4000017
2023-12-14,540.00439453125,542.8381864096333,534.1877628495811,536.9220882992532,7190654
2023-12-15,554.07373046875,555.8634585104699,545.075326705364,552.8308553443248,8191005
2023-12-18,563.171630859375,564.165931012243,548.3565343067348,553.8251851475092,5076184
2023-12-19,561.6304321289062,564.712799097789,552.5326218986269,564.712799097789,4484733
2023-12-20,545.0753173828125,567.6459413937956,543.1364200844182,566.2538970033431,6959868
2023-12-21,553.0794677734375,558.448712948976,538.5627096133018,540.8992907303372,4591119
2023-12-22,567.1985473632812,568.7397004981568,555.8137982141078,556.2115425592929,7865384
2023-12-26,576.544921875,577.5392220321957,567.2482396801267,571.6728875171005,4649730
2023-12-27,602.1481323242188,604.1864961333232,576.992351261609,578.6826736140856,12430827
2023-12-28,610.798583984375,612.9860565018837,601.7504766872344,604.5345050334879,7139743
2023-12-29,611.3453979492188,614.4774675685264,604.633872211213,610.7985450265375,3995822
