Price,Close,High,Low,Open,Volume
Ticker,SUNPHARMA.NS,SUNPHARMA.NS,SUNPHARMA.NS,SUNPHARMA.NS,SUNPHARMA.NS
Date,,,,,
2019-01-01,406.7065734863281,411.6315177163412,403.04804921250394,405.7215960915537,8487116
2019-01-02,412.8041076660156,413.8829278346564,402.6728056608947,403.8454113850092,9656878
2019-01-03,409.0986328125,416.13426616070376,407.12864974938987,414.6802180919024,9479511
2019-01-04,406.9410095214844,412.6633302031451,405.44009735349726,411.9128741191515,6228693
2019-01-07,404.1268005371094,410.8810205452446,402.7196737544202,410.0367502012446,4118235
2019-01-08,420.3087463378906,421.19993805895257,405.5808369500858,406.9410422903626,12368631
2019-01-09,420.9654846191406,425.56209365594145,416.2281686111454,422.6071327485746,9034282
2019-01-10,417.0723571777344,420.2618386202211,413.17931238934324,417.54139940833727,3672333
2019-01-11,416.88470458984375,421.90346189103644,414.2580797024482,417.4944537285537,3778103
2019-01-14,422.93548583984375,424.0142775016782,416.2750788525878,419.32385407798705,5784064
2019-01-15,424.4363098144531,426.35937143570953,421.6689493077039,425.18676590370814,4291873
2019-01-16,425.7027282714844,429.0798381465066,419.4644721655507,423.4513312308251,5879148
2019-01-17,400.1399841308594,427.20373120577193,396.34075286234213,426.82850308252233,8343750
2019-01-18,366.5564880371094,397.84160924842314,347.2788646088404,397.79468785046635,82906214
2019-01-21,373.6390075683594,381.3782039201334,365.8998112165854,365.94673261373765,48936782
2019-01-22,393.01055908203125,397.27883260924955,384.0518338735046,385.5527749761548,38255365
2019-01-23,404.31439208984375,407.50387344800214,386.16245251982593,391.83788053690523,26921274
2019-01-24,396.80975341796875,410.88102126966976,391.27506045524655,404.3144296055426,18446490
2019-01-25,396.2469177246094,403.1418450585545,393.3857712295227,399.0611714422956,8720973
2019-01-28,386.2563171386719,398.45141640473804,384.7553761187731,397.7478529855419,5809082
2019-01-29,396.2469177246094,398.4514221957441,381.0968576033456,385.0837170367344,7472930
2019-01-30,392.07244873046875,399.6240178991669,390.43080076961536,397.74784880104875,4351530
2019-01-31,397.2319030761719,404.6427650889857,388.08557896861913,393.0574154938053,16672076
2019-02-01,397.0442810058594,401.50018256469656,391.1812526389684,395.1212191527464,3950126
2019-02-04,389.1174621582031,396.809766964294,383.8642115500197,396.15309632423674,3679517
2019-02-05,384.5208435058594,392.5883761975395,381.3782546016036,389.11745198184184,3523707
2019-02-06,390.8059997558594,393.05739678030034,378.3294590058024,384.614636467597,5638849
2019-02-07,407.97296142578125,418.19807720384705,395.02740620262534,396.80976110609345,18187249
2019-02-08,404.361328125,408.9110438539652,398.2168858603607,407.12868895970917,6133747
2019-02-11,402.0160827636719,406.75342645033567,394.7928496186009,405.48700670724475,4945054
2019-02-12,409.5677185058594,416.5095384205888,397.7947402768147,400.74972949914525,8559968
2019-02-14,413.6014404296875,417.3537783399193,402.10990557960264,405.25249430503504,9040227
2019-02-15,396.7159423828125,413.46075698460345,390.66531433548835,413.46075698460345,10206627
2019-02-18,388.9767761230469,401.50021133781956,387.710356179428,398.21691521706634,6210412
2019-02-19,388.03863525390625,396.24687436564517,386.8191368942458,391.3219308986018,4742270
2019-02-20,396.1999816894531,398.1699648023614,390.2900323507283,392.1193085187287,4385350
2019-02-21,403.09490966796875,405.2524925055449,396.5283183542215,398.87352953770267,4736317
2019-02-22,403.8454284667969,409.7084573353624,401.9223664491356,404.3144707762821,4373261
2019-02-25,409.0986328125,411.5845508699189,401.0311008476133,404.68962446306614,4849697
2019-02-26,408.7703552246094,412.7572146846314,396.6690698833329,403.8454111857586,5255113
2019-02-27,415.2900695800781,423.68590968865084,409.00489122244994,409.4739335288977,12232682
2019-02-28,417.58831787109375,423.5451602918417,414.72717153961844,418.94855187475304,10862473
2019-03-01,419.65216064453125,423.0761637832382,417.49454884085634,420.16809573450206,5608805
2019-03-05,427.6727600097656,428.6108446022977,417.77597900978,420.1211904911102,5251255
2019-03-06,432.0348205566406,440.2899816302771,419.27689380041085,428.70463191313775,13004184
2019-03-07,422.9822692871094,434.33309676400637,421.0122862327611,431.04980121611436,10701581
2019-03-08,426.7815856933594,429.54891799231586,419.6052158451907,421.66901334616597,5040326
2019-03-11,431.0029296875,432.879098664478,425.89035777400824,427.76652675098626,4628360
2019-03-12,441.18115234375,442.4475722116627,433.3950620312132,434.3331465810643,8660320
2019-03-13,428.23553466796875,445.59009631387767,424.48319701479926,443.7139274872929,7156428
2019-03-14,437.2880859375,439.49259024813614,427.76653394482406,428.6108042730491,8039525
2019-03-15,435.5995788574219,440.8528582118462,433.676488298605,437.3350410496963,5877969
2019-03-18,436.11553955078125,440.8059627092712,430.25251060266885,437.14743837126326,3785329
2019-03-19,439.91473388671875,445.8246547339111,437.7571223787099,438.5544999223639,6725926
2019-03-20,445.3555603027344,447.2786218343855,437.1473219611884,441.60322277517054,4235163
2019-03-22,443.9485168457031,449.999173692926,440.2899927969941,446.3406210161482,6125288
2019-03-25,435.8809509277344,440.38377363978594,432.64457662614103,439.492581926382,4043446
2019-03-26,440.71209716796875,442.3068523072602,433.48886352240027,438.08547195650164,3843580
2019-03-27,436.06866455078125,447.79472292512696,431.2844270084338,442.58833583007413,6016947
2019-03-28,446.0122985839844,450.09294336273217,436.2093038526283,436.2093038526283,10590187
2019-04-01,449.2017517089844,454.2674020934478,446.15297719829005,451.1717348107385,3583589
2019-04-02,440.61834716796875,453.93913128381934,438.1793214873547,452.1567762730872,4034802
2019-04-03,433.3951110839844,444.5583127650787,430.7215640886961,441.83787298821784,4715586
2019-04-04,436.77215576171875,440.8059077236259,431.04983449654287,434.3331302979311,4151406
2019-04-05,434.47381591796875,440.89970025366193,432.925982270351,438.1792610202632,2205935
2019-04-08,433.81719970703125,438.2731011973871,431.94103065846036,435.8340757086314,2274003
2019-04-09,441.7909240722656,443.15112947383113,426.64083589997404,428.93915446643973,4345243
2019-04-10,442.72894287109375,450.186696654713,438.41374891678856,439.02349804957794,3887388
2019-04-11,436.7252197265625,441.7439774375719,433.0198031945585,436.4438058328136,4429596
2019-04-12,436.25616455078125,439.49256737327283,433.6764322983234,438.085440690114,3332732
2019-04-15,430.2524719238281,437.8978552592478,429.1736804199709,436.4907284381987,3770497
2019-04-16,433.9109802246094,435.7402564769776,430.2524563479404,431.00294113550547,2825105
2019-04-18,434.520751953125,437.14737710251416,428.42320270169506,435.17739392643875,3567327
2019-04-22,426.35943603515625,436.2562167735236,424.3894527173008,435.2712394286304,1828896
2019-04-23,439.53948974609375,443.1511208683772,424.95228693284884,424.95228693284884,5292341
2019-04-24,440.2900085449219,440.89975780350426,433.8641233704696,440.055487397154,2821522
2019-04-25,432.45697021484375,445.2149256040623,431.04984341371085,436.4438294847203,5244937
2019-04-26,435.36505126953125,440.33688800055484,433.95792442549794,435.2712370876486,2903286
2019-04-30,429.31439208984375,435.27123475663126,418.38571271865845,435.27123475663126,6586352
2019-05-02,424.2017822265625,433.1135841336074,422.6070272761814,428.657683180085,3732218
2019-05-03,425.1867980957031,427.95415881197636,421.05923203616237,426.8284459647985,2585548
2019-05-06,425.093017578125,427.6727501481024,418.8078681299305,420.26188776359925,3104707
2019-05-07,420.449462890625,427.76651016592115,418.80781509941806,427.76651016592115,4189396
2019-05-08,411.9598083496094,421.99732409459676,406.6127437998672,420.0273408907686,4885249
2019-05-09,412.1474609375,415.2900499679046,404.83038412562337,409.00487190709543,3550114
2019-05-10,410.6465148925781,415.2431234970012,407.55084730520934,409.9429514747153,3482485
2019-05-13,373.45147705078125,410.6465249248732,323.2170306112852,410.6465249248732,24079258
2019-05-14,393.4795837402344,398.21689936031316,378.2826022780831,380.90922761886696,18797497
2019-05-15,384.38018798828125,398.2169366712029,381.894269374252,393.9955557170912,7581005
2019-05-16,386.86602783203125,393.6202474346035,355.58090518317016,386.0217575387262,25156049
2019-05-17,383.7703857421875,390.24316325322604,376.8285659676235,383.72346433899423,7747301
2019-05-20,387.8979797363281,402.43829094772616,384.8023120264197,393.9955295991724,3809738
2019-05-21,383.535888671875,397.5133432762092,380.534006545759,388.5546469320676,6228488
2019-05-22,395.1211853027344,397.32566087737354,382.7384590014608,383.67654345979776,7277731
2019-05-23,387.38201904296875,400.5620952698236,384.8022865792872,398.6859262053279,5906044
2019-05-24,390.0086669921875,392.1193573126503,386.16251446039684,390.8998588009441,3010407
2019-05-27,389.1643371582031,395.4025929826123,386.06864131744317,391.13432021540217,3886561
2019-05-28,387.1943359375,394.46449003444883,384.8022321697295,391.1811946358268,7987111
2019-05-29,397.5601806640625,401.31251848487693,378.56397044618944,392.16619504664175,28086149
2019-05-30,387.1943359375,396.52828716480826,385.7403165693358,395.1680533341535,9082367
2019-05-31,384.4739685058594,391.2750816695944,380.9092299466464,389.1174699718438,5643400
2019-06-03,390.9935607910156,392.68212986333367,382.26938744892806,385.55268280125017,4611475
2019-06-04,385.6934814453125,392.0255525590271,383.7704194471903,389.1174845441515,3279047
2019-06-06,379.1268615722656,387.89795775744915,377.6728419847407,385.7872675399056,3483633
2019-06-07,374.5302429199219,381.7065837399249,370.6371979051029,379.9242288855814,4668474
2019-06-10,377.1568908691406,380.6747080155189,369.65221429020033,377.10999809174996,4966075
2019-06-11,365.80609130859375,373.1700323165892,360.22447663861664,371.48149153357343,13833555
2019-06-12,367.1662292480469,372.4195076253012,361.3970159008748,366.7910012128281,7739283
2019-06-13,365.61846923828125,369.3708076012142,361.5377955429777,366.7910749766978,4090663
2019-06-14,368.24505615234375,370.40266766235976,353.23570426938073,365.8529521472232,9786375
2019-06-17,359.19256591796875,370.07435234628696,356.33141951201947,367.4477270761718,6558933
2019-06-18,355.01812744140625,361.7254265891699,351.1250534585982,357.78545982770606,3761637
2019-06-19,351.9693298339844,358.4421074155163,345.3558166694078,356.472124161641,7197444
2019-06-20,366.32196044921875,367.91671539023616,345.2150613196223,345.2150613196223,8109029
2019-06-21,359.0987548828125,367.44773029407867,357.4571069175968,364.8210763728924,5389874
2019-06-24,359.7084655761719,361.5377129332853,354.126852085454,358.1606034526855,3702836
2019-06-25,361.8661193847656,363.5077673664204,354.17381453378414,358.81734456169244,4480306
2019-06-26,374.7178955078125,378.56401936873664,360.83422659974684,361.1625619271126,9571797
2019-06-27,377.86041259765625,380.2994379422543,370.308844074718,374.342595839505,7651785
2019-06-28,376.125,384.4270251051694,373.4983461653802,379.8304166796693,7283442
2019-07-01,380.2525634765625,381.33135494205203,376.64093237203906,377.1099746290404,2254468
2019-07-02,371.0592956542969,381.8003741422018,366.9317297675619,379.7834982845085,5539613
2019-07-03,371.2001037597656,374.4364785931944,368.76107796843945,372.7948304720422,2683086
2019-07-04,367.8229064941406,373.40449161154504,366.97863624247304,372.13810054807595,3308295
2019-07-05,352.0162353515625,369.9805491648758,350.28077316918547,369.1362787763887,5446432
2019-07-08,344.08935546875,357.31635158032714,342.7760430000119,351.78165920117493,7355520
2019-07-09,362.47589111328125,370.5434245635706,344.27705522741877,344.27705522741877,15428006
2019-07-10,367.916748046875,372.747877439741,357.03496224857037,362.10061276369265,10202064
2019-07-11,373.4983215332031,375.5621187937209,366.1343528062545,370.44954704220436,7759443
2019-07-12,382.45703125,386.02174061122287,372.74785173258596,375.70281194360814,13549864
2019-07-15,396.7628479003906,401.21874924365466,388.0386449356862,390.4776703439283,18269604
2019-07-16,406.4720153808594,408.0667705330202,392.7290827425448,394.7459587563473,8630766
2019-07-17,403.4232482910156,409.2862767141967,401.5940005998242,406.1906091579845,6500759
2019-07-18,399.81158447265625,406.0967328031936,398.35753646948456,403.4231865259359,4711395
2019-07-19,395.261962890625,402.81353267869497,390.2900971959836,400.5621353019096,5104476
2019-07-22,403.61083984375,415.85283062369376,393.05738964446545,393.15120381629447,10420113
2019-07-23,403.61083984375,408.5357832700828,400.6558795135635,404.314403190369,6698368
2019-07-24,399.2018127441406,405.6746181326645,395.5902106362476,403.3762998566739,5319256
2019-07-25,410.0836181640625,412.47575072673914,399.20183264405324,399.4363537603118,11412685
2019-07-26,412.71026611328125,414.82095613030504,406.28438189139564,409.9429055286238,5094438
2019-07-29,404.361328125,414.3519513440926,402.6258946344235,412.7571961803503,4448863
2019-07-30,384.9429626464844,413.9766594131102,379.9242050760396,403.3763165004865,9461831
2019-07-31,400.3275451660156,402.25060686672913,383.6765459236096,384.6146303879705,7746831
2019-08-01,398.77972412109375,401.26564230455597,392.11931848814584,398.4982815960564,3635110
2019-08-02,394.605224609375,400.0930244570842,391.5095573250601,396.71591465633503,3490912
2019-08-05,391.322021484375,397.5133861446316,385.5996991676519,391.7910638279085,4784904
2019-08-06,392.30694580078125,396.2938048896995,388.83602173096693,390.24314846823216,3204070
2019-08-07,394.98046875,402.43825200410004,392.2131366414974,394.93357597605154,5431353
2019-08-08,400.046142578125,401.68779043712857,392.26002412715377,397.7478241242933,3157083
2019-08-09,395.8716125488281,403.70462293032404,392.5414244158158,401.5001188883849,3434604
2019-08-13,412.0536193847656,416.97856304275086,394.6990560185319,395.40261939824404,13211835
2019-08-14,391.322021484375,413.69534699653695,382.785445106451,412.75726230947,16173302
2019-08-16,389.02362060546875,395.308769045542,384.61461237820015,393.4326002046728,6536156
2019-08-19,399.6240234375,407.3163282976184,394.9336006272007,398.45141773492514,11584821
2019-08-20,397.4051818847656,402.6925933278524,394.0061296132045,402.220503534971,5151625
2019-08-21,393.7229309082031,402.0789269313006,390.51272572356567,397.4996496699125,5120294
2019-08-22,391.40960693359375,397.2635314599395,385.69733238594245,393.4396159447775,5299316
2019-08-23,403.91998291015625,405.9499919082042,386.07499593141773,391.8344967060561,5479802
2019-08-26,395.9417419433594,405.80840199624356,391.9289784313353,404.10889015207556,6258106
2019-08-27,393.4868469238281,401.70122094072923,391.9289563520916,400.37934645409257,6738413
2019-08-28,390.04052734375,398.16047618474363,388.5298344966236,393.62839764336445,3441725
2019-08-29,410.3876647949219,414.1171858079627,397.59404250930766,404.10887610424805,19967263
2019-08-30,425.2585144042969,428.09105339297656,405.76121012836694,408.7825965752559,12308149
2019-09-03,414.8253173828125,430.5459021252278,410.05719306425254,424.88082446568535,9396440
2019-09-04,402.6453857421875,405.4779244281992,378.89924670653085,400.85142152312125,33952423
2019-09-05,407.69677734375,409.72678672217535,399.7184762766006,404.1089060585805,8793166
2019-09-06,401.3707580566406,403.35354100086477,391.3152509708806,393.439655093819,12513040
2019-09-09,404.86419677734375,408.35767278693106,402.2205054502489,402.2205054502489,5488753
2019-09-11,398.6326904296875,410.71817935401333,397.7357081675359,407.8856401860546,7742635
2019-09-12,403.91998291015625,415.2501370317771,396.0361070517859,401.04024692987304,9896642
2019-09-13,399.246337890625,408.68813361316984,397.5940236391796,406.4221084025739,6847742
2019-09-16,402.975830078125,405.5251264498889,396.508223056784,397.4996000824289,5239616
2019-09-17,397.1691589355469,403.6839926744997,395.7528894786408,402.88146303351357,3367950
2019-09-18,393.5340270996094,400.898644918948,391.12638075936934,400.2377077046486,3728621
2019-09-19,388.19940185546875,395.5167930972095,385.41408957447527,393.5340103527621,4238714
2019-09-20,390.6070861816406,397.3107378464996,385.2252512923681,390.7959048006932,11785529
2019-09-23,386.5943298339844,400.61537315683506,382.77038535260147,394.6670534934483,7342291
2019-09-24,386.783203125,396.2722262704525,383.66742168265876,385.2253124038294,5860106
2019-09-25,384.0450439453125,389.6629239687285,379.324146048013,386.73596150958804,5031063
2019-09-26,388.9547424316406,389.9461193450252,382.67592593330323,384.04499768423483,5309789
2019-09-27,379.2769470214844,389.47407491172544,377.9078751113166,389.00198512395366,3835936
2019-09-30,367.71075439453125,380.5043763671005,364.97261052077886,380.4099526448893,6674624
2019-10-01,364.97259521484375,374.27276958817106,358.8826543776221,366.81375687148824,4308157
2019-10-03,366.4832763671875,369.59908608389065,356.56939136817937,360.67657805915434,5216456
2019-10-04,364.50048828125,372.0067269107894,362.75377923914476,367.2858293611601,4024033
2019-10-07,358.6938171386719,366.0112088930455,351.80131772147223,364.50051580029543,5151963
2019-10-09,362.51776123046875,366.10563210848125,353.31201032638705,356.8998812043995,4991946
2019-10-10,365.4447021484375,368.0411960448428,357.5608255506119,363.509145496747,4581317
2019-10-11,364.7365417480469,367.6163066095806,360.2044915193046,365.77514499623817,4273739
2019-10-14,372.62042236328125,376.72760882379845,365.39745517496243,365.39745517496243,4372357
2019-10-15,374.65045166015625,377.67183788889724,370.3544460297999,375.0281465493048,2892153
2019-10-16,377.38861083984375,379.7490599223695,372.2428203143074,375.83069139411623,5503380
2019-10-17,379.088134765625,380.07951188633035,374.65047882306175,379.18255849475804,2934902
2019-10-18,379.2297668457031,383.80904410646787,375.31142689377856,378.6160558098244,4647037
2019-10-22,382.817626953125,385.2252733861587,378.56881879077764,379.56019583636225,2944611
2019-10-23,382.58160400390625,388.38830306276276,380.50439725751517,382.9592700994111,3374975
2019-10-24,383.2897033691406,384.9892150491236,376.44440156875766,382.39272126277143,3017220
2019-10-25,394.1949768066406,396.08333597697185,378.6632111050367,382.39273199207054,4845146
2019-10-27,394.4309997558594,396.36655627212025,392.8258830247606,392.8258830247606,359071
2019-10-29,398.3966064453125,401.74843260652875,390.89036686040635,394.38384301739774,3863059
2019-10-30,405.666748046875,408.40486304758423,394.7614854970899,403.1174804865211,3511610
2019-10-31,409.20745849609375,415.95833729592545,404.8642263013657,405.6195873171008,6710116
2019-11-01,413.12579345703125,416.2888010406485,408.92421131187433,410.3876782406448,3545584
2019-11-04,413.5035095214844,417.70509188158564,409.44351953893533,415.39186891409014,4646694
2019-11-05,405.90277099609375,415.25014250686195,400.37931502616226,411.1901820853792,6719996
2019-11-06,404.0144348144531,427.61892421485436,398.5382047991896,408.26324290652536,15917528
2019-11-07,416.00555419921875,419.2157592050912,399.76565290258037,407.60236118517514,14294406
2019-11-08,398.5381774902344,417.79943375831164,397.35795310108665,417.3273440026525,11902470
2019-11-11,397.9244689941406,399.67117804945957,384.3754871613935,391.83449958342004,10249882
2019-11-13,389.001953125,403.0702218805413,387.1135941292476,396.5553891080097,6033467
2019-11-14,387.3025207519531,394.0533997794063,384.80042151968246,390.1350598247931,4750176
2019-11-15,391.8817138671875,395.5168109268636,387.25523979763307,389.7101124102763,5416931
2019-11-18,400.8514099121094,405.9971999016077,393.7700634021976,394.6670454857489,7710740
2019-11-19,402.12603759765625,405.9027555442209,398.06607733072775,401.27628182249344,4163853
2019-11-20,424.88079833984375,434.8891073524414,400.1905088213541,403.353516082921,23107507
2019-11-21,422.1899108886719,429.0824393960723,418.83808476672783,424.8808285657366,7480460
2019-11-22,426.8636474609375,436.1165969807424,420.25438957134037,424.88086433124283,12114721
2019-11-25,433.3312683105469,438.0049403588159,424.88084879226994,427.7133877842184,8251208
2019-11-26,425.5889587402344,441.30954346665936,421.5761954021401,437.9104911115763,11278843
2019-11-27,433.14239501953125,435.2667991367932,422.56757188797485,424.8336259976476,6481012
2019-11-28,431.8205871582031,436.58868306899217,429.74338031373566,430.73478627708135,4005893
2019-11-29,424.73919677734375,434.84190116024604,422.4731715110715,432.81192079283704,3198828
2019-12-02,415.4390563964844,424.5031870261322,412.60651737559925,423.93667345913974,4933088
2019-12-03,409.3962707519531,417.51622088493997,406.4693082975647,416.7608599341539,3602073
2019-12-04,418.9324951171875,419.8766747060799,407.6023400504787,409.3018517848553,4318531
2019-12-05,412.3232727050781,417.2802159640479,409.065841323553,415.43905408508556,4096921
2019-12-06,404.6753845214844,419.4045921243256,403.1646913904616,415.72226861305916,5805588
2019-12-09,403.1647033691406,410.34047434414657,399.95449837913355,407.74398035289335,4959765
2019-12-10,403.7783203125,411.4261793226189,401.55949292855445,405.6194816939603,5578960
2019-12-11,405.808349609375,407.79113238099245,401.417920566983,405.14744122821753,3322986
2019-12-12,409.9155578613281,413.45623127740674,406.23326327142115,406.84697423406,2794856
2019-12-13,414.7309265136719,417.2329969153669,401.84287958004654,413.17303579669783,5386394
2019-12-16,410.8597412109375,412.795326651275,402.59816983090684,407.17744658722444,8290756
2019-12-17,405.1001892089844,413.07851723900023,402.45649822428305,409.77388910108823,6407264
2019-12-18,415.2030029296875,416.76089359628435,403.44795470940176,405.99725130134306,5341984
2019-12-19,409.3962707519531,416.00552779744197,403.63676956378373,415.250166846656,6465219
2019-12-20,406.28045654296875,412.323228828806,404.15605251518735,405.1946558026952,7157364
2019-12-23,404.48651123046875,407.88556335457145,402.78699957545393,403.259089347855,4534617
2019-12-24,405.808349609375,408.31044840983674,401.65396544898334,404.1088379846015,4210004
2019-12-26,398.58544921875,407.3191113260092,397.1691796878431,406.8470214823736,5296867
2019-12-27,402.22052001953125,403.30632082484397,397.87728798420477,398.44380152169526,3413181
2019-12-30,406.13885498046875,409.30186244847965,402.8814526023688,405.0058567327243,4758825
2019-12-31,408.4049072265625,411.0958250653085,404.7698385261285,406.0916843093842,2957369
2020-01-01,410.05718994140625,412.08719913854253,407.17745367869986,408.78257052897624,2321850
2020-01-02,410.6709289550781,417.8938971394647,407.8855876066712,409.77394680855394,4555670
2020-01-03,419.7822570800781,425.2584872495452,408.8769653815694,410.38765850854907,9457180
2020-01-06,415.391845703125,419.8766990099624,410.812568669118,416.28879907604687,4794923
2020-01-07,421.48175048828125,422.99244354948695,413.12575560624117,416.76085268080925,4504083
2020-01-08,415.5334777832031,421.57622189753044,414.49487438525387,418.2243956006836,3881918
2020-01-09,415.2973937988281,420.01829169624784,414.494835393452,417.9883113631722,3934566
2020-01-10,418.8380432128906,423.93660688702477,415.43899115877707,415.53341487412763,4334013
2020-01-13,419.7822570800781,428.32707095800475,417.84667160629726,422.0482823635102,4823348
2020-01-14,421.1040954589844,424.4087240107926,419.5934023582001,422.0482750452153,2708589
2020-01-15,423.9837951660156,425.54171440041796,418.885231602174,422.6147521723011,3054107
2020-01-16,423.9837951660156,430.8763228404937,422.4259047456851,427.00518110744054,4416809
2020-01-17,429.22406005859375,430.78195066530805,421.1041095818683,423.1813162668708,3216737
2020-01-20,424.3615417480469,430.73475418324836,421.2457317135032,428.84639494318867,2824739
2020-01-21,422.4259338378906,426.53312073003724,421.1040882027595,422.9924473426822,2573651
2020-01-22,421.3873291015625,428.5159021187436,420.4903758016226,423.37011195448946,3412716
2020-01-23,424.73919677734375,426.9580245894732,420.1599199765818,422.2371266122083,1875787
2020-01-24,422.8035888671875,427.57171285948067,421.8594093218708,424.88079539251345,2153164
2020-01-27,423.3701477050781,426.5331552834987,417.5162511855377,422.04830196286423,3530914
2020-01-28,427.6189880371094,436.68311908250234,423.0397106471583,423.2285581161766,9487290
2020-01-29,424.9752502441406,431.2540389176749,424.3615392575381,429.46010341296153,3103817
2020-01-30,417.42181396484375,428.42150072759677,415.72227336772715,426.29709659175745,3486193
2020-01-31,410.05718994140625,420.53758929455995,408.4992993597114,417.89389793253685,3757229
2020-02-03,394.2421569824219,404.9586005672132,390.890331127609,400.14327913108747,4032780
2020-02-04,401.8900146484375,403.07023907111824,389.80452808581566,393.6756699550231,4848610
2020-02-05,402.4565734863281,407.31909289290786,398.34938626975213,405.5251573310919,3826307
2020-02-06,406.6109313964844,413.5506570899177,400.33214293635865,404.29770870805606,7745520
2020-02-07,406.75262451171875,417.09140429317443,399.5768814676157,407.8856517366188,7402556
2020-02-10,396.83868408203125,408.5937319158113,394.95032483574215,404.62816597297393,3638523
2020-02-11,395.18634033203125,400.993067633498,393.53402611449235,398.4437713150944,4683072
2020-02-12,391.4569091796875,397.7828958779583,390.89039559716593,395.4224466291831,4439987
2020-02-13,395.5640869140625,396.6498877789991,389.00202663810444,391.4568995593156,3924569
2020-02-14,395.18634033203125,401.04026508551266,393.25078377425785,396.55541220933566,2862205
2020-02-17,388.38671875,397.9917831195496,387.3406174582901,395.80450416404943,2625157
2020-02-18,388.6244812011719,390.71668385714537,379.49491446379443,387.0553437202381,4187206
2020-02-19,383.7744140625,393.90254441287186,380.96899334979815,390.2887422949913,5910512
2020-02-20,385.1058044433594,391.3348160301421,383.77438695486643,384.05970314044004,4000525
2020-02-24,378.353759765625,394.33048076090506,376.4042005762707,386.5798692603501,12668574
2020-02-25,369.84234619140625,382.6807924550824,366.41875471667356,382.6807924550824,10050971
2020-02-26,356.33819580078125,367.98789624473994,354.2459930918044,366.22854792429484,12146582
2020-02-27,369.4619140625,371.554116690481,351.3454534373842,356.6234691722973,15164166
2020-02-28,354.62640380859375,366.70406465874373,352.9146226115764,361.04562683055093,8439591
2020-03-02,351.39300537109375,364.8495923298712,345.5443860522858,359.4764709885614,6915567
2020-03-03,374.2644348144531,376.9747790061321,354.9592291385924,355.6724760826083,14474553
2020-03-04,385.581298828125,392.66620086186396,368.36826725315757,378.4963677722944,26369149
2020-03-05,385.0582580566406,394.47311224783687,382.0626265897273,389.86080506361947,9874059
2020-03-06,381.2542724609375,383.44158057015335,370.9359605473167,370.9359605473167,6500912
2020-03-09,374.07427978515625,384.10727590606746,366.6564936238386,376.6419515539206,13151861
2020-03-11,367.0368957519531,375.88114641162474,361.4259964714613,375.0727940557833,9127352
2020-03-12,337.413330078125,354.4361797225078,329.4249704085566,347.58899770739697,11662910
2020-03-13,365.3725891113281,383.2037599290578,309.0736275073144,324.28955993844374,15802632
2020-03-16,350.4895935058594,376.9748401254853,345.02136604850074,357.57452590727587,14480298
2020-03-17,352.0111389160156,376.2139970279867,346.3527305259845,357.5744709303884,12903597
2020-03-18,344.9737854003906,367.4648341093261,337.6986720916102,364.611846221797,12342300
2020-03-19,342.73895263671875,356.1004638515793,330.6137536352634,334.4653048489825,8728092
2020-03-20,347.3512878417969,360.90298079661034,344.4507616603062,347.3037496507933,10630619
2020-03-23,308.5981750488281,337.31826334942036,299.6112520248559,328.0935913462117,8018903
2020-03-24,318.72625732421875,330.9465599545446,313.82863443965437,313.82863443965437,6408582
2020-03-25,330.61376953125,333.60940127122126,313.40073529715835,315.73068721830055,6174391
2020-03-26,321.72186279296875,349.96644924582876,319.6296894770346,347.1134618878465,11670467
2020-03-27,321.67431640625,335.2260060109479,316.68158865715077,329.9955293214154,7745135
2020-03-30,316.3963317871094,327.14257331327326,296.7107060283176,305.887810202019,11648241
2020-03-31,335.0358581542969,337.6035588019091,312.16441739923005,323.43372509605035,9954142
2020-04-01,326.7146301269531,337.84129377569303,321.8170070420124,335.70155299878854,6702159
2020-04-03,357.52691650390625,370.69818636455926,323.3386026448296,327.095048019687,28550430
2020-04-07,396.8981628417969,402.1286405312795,369.27171326863726,378.49638552983475,29675052
2020-04-08,415.2999267578125,426.7594158990218,392.9039555965417,398.4672874912315,27810872
2020-04-09,432.18011474609375,450.6769682889821,421.67159223950176,432.13254753603564,31862948
2020-04-13,439.6929931640625,454.48096890991826,421.38632071532635,440.263596551299,30510226
2020-04-15,427.1874084472656,464.56153908186116,422.337323115073,451.62798787004556,32508955
2020-04-16,440.9767761230469,444.6856540400123,427.1873366461091,427.9481216980699,16932965
2020-04-17,434.7002868652344,453.5775636804983,426.47417709062034,453.5775636804983,19774082
2020-04-20,450.2015075683594,451.72310699634505,428.47124282737934,434.93803314079463,17893064
2020-04-21,449.96368408203125,466.65367879108425,441.49982675638614,444.92341764712194,30021752
2020-04-22,451.10491943359375,458.7604249633989,446.01708546871134,451.6755227887184,13336137
2020-04-23,454.0530090332031,463.9433606970294,451.1049159065195,453.5775110779991,13748820
2020-04-24,461.7560729980469,472.6449882599556,450.3441215712471,453.577531026515,23394027
2020-04-27,465.89288330078125,480.0627163362639,463.135001008843,466.93898459002446,19310626
2020-04-28,450.72454833984375,471.1233943359769,447.2533898567017,470.74300175513895,12847910
2020-04-29,454.24322509765625,461.18551318103766,449.96374317771625,452.6740875314304,10166496
2020-04-30,441.69012451171875,461.2330816188975,435.93658102878203,460.2820855743224,18471206
2020-05-04,442.64111328125,451.24761573436325,435.5561812567721,441.6901172523051,16097066
2020-05-05,433.939453125,449.34559957645905,431.75217398457653,446.7778988271845,7850482
2020-05-06,432.1325378417969,440.311108512759,426.04616979204326,437.07772820714854,10829910
2020-05-07,430.04034423828125,442.87878848971314,428.13835249732836,439.36009216011405,11216033
2020-05-08,446.01708984375,448.2994742645447,431.799689123689,437.45812649920043,13693803
2020-05-11,441.11944580078125,452.2460802102224,438.69438888770827,450.48676104567414,10294818
2020-05-12,441.1669616699219,445.8268354529673,432.9883916915886,442.21306289193365,9507971
2020-05-13,430.18304443359375,446.44508176351036,428.1384088473799,446.0171219566331,10010310
2020-05-14,433.6065673828125,440.2635383015927,426.80692386952927,430.8011180296334,11764703
2020-05-15,426.6167907714844,436.41203748890825,423.7162356985103,433.60661683784673,7863358
2020-05-18,419.1039123535156,432.3227497992697,412.96997707823175,425.0951750235339,9067298
2020-05-19,420.0549011230469,433.65413089988647,417.1068080252302,422.0519692976756,10126393
2020-05-20,433.4163818359375,435.9840823772087,415.82295766925654,418.34309100222765,7967084
2020-05-21,443.592041015625,446.01706890724375,430.80113478674076,433.1786244930693,8987658
2020-05-22,446.3974914550781,448.7749813211811,435.6036816585519,444.11510698803784,10194204
2020-05-26,436.6497497558594,452.1985381006468,434.60511443111585,447.9190566675176,9801056
2020-05-27,428.8040771484375,442.11802073091695,421.67160737210924,442.11802073091695,13253937
2020-05-28,436.60223388671875,439.0272618806042,422.9078984051753,431.65704348017334,12632972
2020-05-29,451.00982666015625,457.9996526563559,435.5561425626812,437.4581344516012,12662824
2020-06-01,442.5935363769531,459.99678073889754,435.84145891484667,459.80656992843456,18563612
2020-06-02,449.9161682128906,457.42903005384727,445.20872687688853,446.9680751045909,10978049
2020-06-03,452.81671142578125,457.99965091218763,449.8210800165589,451.67553371003095,7767457
2020-06-04,470.600341796875,473.5959731721599,448.9651843879059,449.82107492054547,19100026
2020-06-05,470.02978515625,485.9589685682221,468.0802549146677,476.4490083222686,22798341
2020-06-08,465.0370178222656,474.30922830031693,461.2805722248845,474.30922830031693,9176155
2020-06-09,476.2112121582031,487.57562513556843,467.8899977670214,467.8899977670214,25883378
2020-06-10,474.6895751953125,482.15489846111063,469.3639926031583,477.87541711382266,10636465
2020-06-11,450.439208984375,469.6017708522762,446.1121891833332,465.9879979869287,18547382
2020-06-12,456.5731506347656,458.2849316955696,432.7031470481315,432.7031470481315,11498488
2020-06-15,461.99383544921875,465.41742678144533,449.5358113295936,457.42906635431274,10727187
2020-06-16,459.7113952636719,469.31645930306667,453.14952960063073,465.41737045276693,11247556
2020-06-17,461.85113525390625,465.75022409824845,455.62212395749793,460.42464145881206,8222223
2020-06-18,460.5197448730469,464.5614772751335,459.3310000489037,461.8511332716691,4077225
2020-06-19,464.1811218261719,467.8424619815098,461.4232394182096,462.9448096970214,8114839
2020-06-22,469.0312194824219,476.63918716893585,462.1840369557219,468.08022352160765,9203804
2020-06-23,475.9259338378906,478.3509618967206,465.51251659730565,469.03121321413073,10732649
2020-06-24,460.6623840332031,478.7313051870322,457.429003946936,477.3999168011681,8567595
2020-06-25,463.7531433105469,468.3654792148474,453.6250428131619,456.76331766403894,6954147
2020-06-26,456.4305114746094,466.9390049673803,449.06029296443177,466.22575801478246,7489306
2020-06-29,458.3800048828125,463.46783854225765,451.72303385754344,452.1985317879198,5727377
2020-06-30,449.7735290527344,460.23448410481785,446.77786870650954,459.7114189389584,8339357
2020-07-01,445.208740234375,452.4838533174856,443.3067483683543,450.2965742803989,5983810
2020-07-02,449.82110595703125,451.6755597574467,445.01858778768093,445.0661259786271,3731827
2020-07-03,453.482421875,455.85991173591316,448.8700857404098,453.6250654622362,4666364
2020-07-06,456.6683044433594,457.66683866433425,448.2995219802399,454.5761015720556,5995257
2020-07-07,455.7647705078125,462.1839926276408,452.8166775076213,456.47801741001564,6793452
2020-07-08,458.8555603027344,464.0860381921956,456.4305321628218,458.9030984928918,6279449
2020-07-09,458.33245849609375,463.3251866756935,456.8108593417025,460.8050244721283,3184268
2020-07-10,469.6969299316406,474.4519100464013,459.37861727819086,460.9002167193334,14898919
2020-07-13,475.212646484375,477.1146382189179,468.1752538488938,470.74295429936296,7504299
2020-07-14,467.985107421875,479.20684789409046,466.08311554373046,475.49796953612724,6996801
2020-07-15,470.8381042480469,474.92737525546397,468.0802217763869,469.9822136909239,4710170
2020-07-16,475.212646484375,481.1563706548215,466.55857828778676,471.6939501666344,11263548
2020-07-17,478.9215393066406,484.579947477854,472.97781495320754,475.1175557204435,9592466
2020-07-20,460.091796875,477.30482817250925,457.9996233443431,477.30482817250925,16111398
2020-07-21,453.8628234863281,464.2762408933327,451.72308256889653,464.08603009183474,8470749
2020-07-22,451.057373046875,464.08602933162064,448.48970136341933,456.14520724663015,9848007
2020-07-23,452.674072265625,458.23740437835016,450.81961855401886,454.52852597723114,5416291
2020-07-24,461.80364990234375,473.40578334986725,457.66681161887647,465.9880263755833,19812185
2020-07-27,452.1985778808594,463.7056347733083,446.0171041558844,461.0903958896651,6112617
2020-07-28,458.95062255859375,460.0442620282478,450.0588051780223,452.198545931642,5917155
2020-07-29,468.84100341796875,471.97927844458644,460.42468345482996,461.8987445907996,8531803
2020-07-30,484.9603576660156,488.0510942572223,463.4202778973181,469.03117677287366,17534819
2020-07-31,505.64453125,514.4887815043622,482.630418878861,489.0496411989247,41253676
2020-08-03,493.94732666015625,513.728031092142,491.474702328541,507.9269208882729,25348229
2020-08-04,503.02923583984375,506.3101829314222,491.90257346344475,496.41980347591715,11950138
2020-08-05,502.93414306640625,511.6357785020978,501.22236210776344,511.5407021326883,10928555
2020-08-06,506.16754150390625,514.9167149386436,500.3664900326656,507.73670787513674,10919796
2020-08-07,500.1763916015625,509.2108542119454,496.9905199598062,506.2151933918779,7275403
2020-08-10,517.1991577148438,523.8085916046067,500.22390212467667,500.22390212467667,16271180
2020-08-11,514.5362548828125,522.6672571885944,508.87781838602734,521.145687159085,7774058
2020-08-12,506.0724792480469,514.2510205739449,503.7900659251915,514.2510205739449,7405695
2020-08-13,495.27862548828125,509.68623578740744,493.61438275610004,506.07246317779294,8729438
2020-08-14,505.3116149902344,509.73376885186354,496.41982712812086,497.84632088423615,11787355
2020-08-17,502.4587097167969,511.16034627099265,501.17488834383835,509.8289286630298,6657699
2020-08-18,500.2238464355469,507.73673730881126,498.464527227544,505.64453470727835,5555588
2020-08-19,500.6050109863281,507.7510661974686,499.6045167329715,504.98790158726246,5414452
2020-08-20,497.6513366699219,504.8927084325551,496.4603273163395,499.74752476317764,4886692
2020-08-21,507.2269287109375,513.2772897896136,499.5568417913432,501.70065815640163,9833484
2020-08-24,508.2750244140625,513.2296336014299,503.1298421512698,513.2296336014299,5675533
2020-08-25,500.3191833496094,509.8949450256605,498.7470859040325,508.41804691121257,4414315
2020-08-26,500.3668518066406,504.98794464193526,497.6036869608503,501.22434361223856,5205745
2020-08-27,507.1316833496094,511.6575180060878,499.65216933711554,503.98743090342543,8564601
2020-08-28,529.5227661132812,538.0980335807028,509.5138086892976,512.7056905402694,29017731
2020-08-31,495.69805908203125,534.5249613551553,489.79064146106,534.1915020208443,20056792
2020-09-01,496.8414306640625,502.7488481786162,482.31111780519785,496.6032288139172,13860865
2020-09-02,490.21942138671875,500.79556056873037,485.1695536525578,498.7946882331336,9636136
2020-09-03,498.7470703125,501.98658074301767,488.36144586685907,494.0782905551565,10052098
2020-09-04,488.26611328125,505.3690159740053,484.2643109840291,493.55418217358994,12380025
2020-09-07,489.02838134765625,493.7447894475211,480.4531150405371,491.6486016081649,6320017
2020-09-08,478.21405029296875,493.2207966122411,475.1174261001964,487.8374112921364,8519561
2020-09-09,485.2647705078125,488.59959622445433,470.30571259672865,473.54525176313473,10532163
2020-09-10,483.978515625,492.3155801194344,479.88142648416823,488.5043506362644,8572739
2020-09-11,481.69171142578125,488.170789334514,478.8809473807244,483.073293620338,5189670
2020-09-14,472.40185546875,484.9789236662901,470.6868139315271,481.69172679634596,8041379
2020-09-15,482.50164794921875,488.21852126551033,472.59245708390193,474.498071830208,11686574
2020-09-16,494.0306091308594,495.45982015052437,479.6432123840908,486.07466197258316,10080107
2020-09-17,487.83740234375,497.27021912753116,486.40819120407104,492.4108663597726,9959257
2020-09-18,498.6517028808594,509.75193175957827,490.6957847779118,493.03017441411504,25685130
2020-09-21,479.88140869140625,503.3204749593164,475.45086039696906,499.08047068554885,9977984
2020-09-22,484.8360290527344,490.69578847831144,470.30571686963873,485.45534801883434,9862141
2020-09-23,479.1668395996094,496.4126594974327,474.7362909685141,495.9362557935004,10846053
2020-09-24,462.87384033203125,477.594726835003,460.20599114475095,474.02169895344434,8768744
2020-09-25,466.5421142578125,472.5924467606461,461.01584324518956,472.5924467606461,9665092
2020-09-28,486.02703857421875,487.8373667368693,465.4463938495325,471.6396416694342,12221177
2020-09-29,482.2634582519531,493.4112873521826,480.6913318621306,493.4112873521826,8592449
2020-09-30,476.83245849609375,491.8391745279172,474.78389939493036,484.0261424867487,12981899
2020-10-01,482.9779968261719,486.4081087957393,477.64227032655265,481.26295538007327,6733075
2020-10-05,498.4134826660156,500.3190972939182,480.02431313770467,483.0733081732974,8831627
2020-10-06,496.46026611328125,502.70114272573414,494.50702264515047,501.1766742029849,8537178
2020-10-07,487.5992126464844,498.2230389782596,485.16956527939163,491.74390179301014,8346531
2020-10-08,499.3663024902344,501.1766596939927,487.5991551300395,490.31463278093224,9392711
2020-10-09,488.6949157714844,504.3209215047964,486.93218727141766,500.2238615081549,11468529
2020-10-12,489.6477355957031,492.9348745312391,485.2647867570764,490.60054297522015,7092628
2020-10-13,479.405029296875,495.4122107895826,477.9281894830781,489.7429952255744,8851580
2020-10-14,478.4998779296875,483.54974541340016,470.01986898467675,479.40502749438195,7640368
2020-10-15,467.16143798828125,480.8818872638793,465.9228000485493,480.8818872638793,6605127
2020-10-16,463.9218444824219,471.40138721479553,462.34971833447105,467.8283600251938,9085611
2020-10-19,460.8253173828125,467.73317139539927,458.2050968952796,466.8280217643134,5158764
2020-10-20,463.39788818359375,465.49404703244994,457.7286724813161,462.0639636293444,5550859
2020-10-21,467.06622314453125,468.9718380425875,458.77678670703636,465.9228425747472,7269981
2020-10-22,462.6356201171875,468.20954920673626,458.9673348995681,468.01900517370524,6428694
2020-10-23,461.6351623535156,471.16323587990394,460.1106647738189,464.9699880877515,6578265
2020-10-26,452.1070861816406,464.3982951432855,448.8675470170992,464.3982951432855,6499259
2020-10-27,448.24822998046875,454.25090466177807,445.19923482583283,452.20237467227554,7693069
2020-10-28,441.53094482421875,453.29812206912874,439.62533001783254,450.6779017103476,7723679
2020-10-29,434.8135986328125,442.10256835158333,430.907083053887,441.1497610922049,8297097
2020-10-30,443.7700500488281,446.8666741232429,434.33726252993176,437.00511164001625,8680701
2020-11-02,447.2477722167969,448.7722698193436,437.38621015369966,445.81856116641677,7737909
2020-11-03,462.68328857421875,467.44732567016956,443.77005548781904,449.7727305977671,16853462
2020-11-04,480.8341979980469,493.7923830899778,471.78252865052195,476.3083633242844,48182254
2020-11-05,488.313720703125,489.74293159298776,478.78564810403964,484.02608803353655,14095319
2020-11-06,485.12188720703125,491.41042193137105,482.83515523746445,490.6958163735455,9251548
2020-11-09,486.07470703125,493.5542512096512,480.6437220994995,488.3138103184291,9718357
2020-11-10,467.7331237792969,489.98118128765776,465.92279562404406,486.88455739036095,12767338
2020-11-11,482.16815185546875,484.3596262251586,468.78122010733654,471.6396421811617,11754997
2020-11-12,485.2171630859375,493.268397157881,478.4998826211465,480.1672955527133,10911897
2020-11-13,484.4549255371094,491.45803654054674,480.7389534813584,487.78975137774574,9501329
2020-11-14,489.7430114746094,491.1722225975898,486.1223549273423,486.8845892286486,1766237
2020-11-17,493.9354248046875,498.69946224240726,489.790677341019,492.6014710602244,12411197
2020-11-18,488.7901611328125,493.8876570952043,484.97893180624084,489.7429684644554,6483702
2020-11-19,483.40679931640625,491.7915211736073,481.1676963003264,487.8373475361725,6843207
2020-11-20,479.50030517578125,488.3137732788632,472.59245179769005,485.9317548726248,7594535
2020-11-23,488.6472473144531,492.0297600770076,477.3565029906455,480.2149251642421,8931512
2020-11-24,495.6027526855469,498.0800284652748,484.216693536358,489.2665607210303,9096230
2020-11-25,482.3111267089844,501.1767019578153,480.3578540553094,496.60323798154565,10673809
2020-11-26,487.551513671875,488.79015154777255,478.59510166816665,482.1205003570622,7494355
2020-11-27,487.5038757324219,496.22205718590703,485.1695151669383,489.7429788246238,12954065
2020-12-01,513.8966674804688,517.136236025625,488.4567554563482,493.5542519783947,25388623
2020-12-02,518.9465942382812,521.1856684551186,510.7047866397506,515.3735663466786,14234038
2020-12-03,522.3765869140625,525.4255818156445,515.4687341915327,524.0439996401903,9345458
2020-12-04,542.1950073242188,545.8633504904643,519.4705754379211,524.0440390569235,16177536
2020-12-07,554.8197021484375,563.5855413026054,540.2893902213627,543.4336428106988,21232768
2020-12-08,541.8614501953125,554.53377394841,539.098286135394,554.53377394841,10673103
2020-12-09,542.6713256835938,556.3917725383762,539.955848442729,544.0529077457693,11144200
2020-12-10,538.5267333984375,547.6260320875157,533.667380952486,543.1001971115858,6755693
2020-12-11,541.2898559570312,545.9110066995752,535.4777541296231,541.0993410024918,6968494
2020-12-14,549.0552368164062,551.3419977240475,541.5280354706041,541.5280354706041,8582193
2020-12-15,544.67236328125,552.6282816604978,542.1474004565919,547.8642447496314,5896090
2020-12-16,549.3887329101562,551.1990902628069,544.0530346414222,544.0530346414222,5135499
2020-12-17,544.3865356445312,558.6310192377664,542.8144381803422,552.1519399427283,9025916
2020-12-18,547.8642578125,549.674615143693,541.1946059782608,546.9114504076086,4940687
2020-12-21,526.4737548828125,558.249918837711,514.2302021792773,546.7209135805185,12715463
2020-12-22,541.4802856445312,544.1481340036804,514.8970013503467,526.9023480438839,8012096
2020-12-23,547.483154296875,549.3411405123012,539.3842907235203,543.1002631543727,4958783
2020-12-24,562.5850219726562,566.9202830947868,545.1486618714446,547.4829929839282,7486583
2020-12-28,559.2503051757812,571.1603974652614,556.963544194302,570.7316225118906,12299793
2020-12-29,562.7279663085938,567.8731489739458,555.6295984702132,561.9657321019932,7430043
2020-12-30,556.439453125,566.9203332352312,554.0574349181293,566.9203332352312,5589703
2020-12-31,564.3954467773438,566.8251521997673,554.5815420726741,557.0588762347091,8835267
2021-01-01,568.1113891601562,571.4462149246184,558.2021693409989,564.5383615553754,8229768
2021-01-04,575.8767700195312,580.6884353758857,567.1109310057727,571.6843945310725,11329298
2021-01-05,574.9715576171875,579.9737957751588,571.6843609110011,579.7355939581125,7790158
2021-01-06,576.7343139648438,582.1176990962564,568.0161610513137,575.5909334412539,6422080
2021-01-07,573.4947509765625,579.3068523849747,569.7787791549587,577.4488664741729,4555702
2021-01-08,591.5027465820312,593.4083611381297,575.495595941752,578.3540177758997,11451416
2021-01-11,591.6934204101562,598.3630724920743,585.0713970693017,594.2660121298463,7516087
2021-01-12,580.8790893554688,594.4565956161648,578.4017550747011,591.6934307292803,6747035
2021-01-13,573.8758544921875,585.5001157772994,569.0641890121922,582.1652900568429,6186661
2021-01-14,578.4017333984375,582.7846824287311,568.2543692556841,573.8758981478163,6730284
2021-01-15,575.7814331054688,587.6915242178387,569.8740162827849,580.2596389946682,8389544
2021-01-18,554.0098876953125,578.6875650564259,551.1514654265137,575.5909409318938,7414570
2021-01-19,568.397216796875,574.5428358762517,555.820148062167,559.2026607009898,5500391
2021-01-20,566.6345825195312,575.1145336379617,564.9671695397851,572.8278307300168,5182972
2021-01-21,555.3914184570312,570.4933914446494,553.247601954734,569.7787859438837,4546393
2021-01-22,548.0548095703125,559.2502961415704,543.6718607857381,555.3914379330648,5591688
2021-01-25,558.7262573242188,565.9675699744514,540.2417713392491,549.8651023816301,8149590
2021-01-27,542.9096069335938,558.2498398939889,537.1451341975446,558.2498398939889,8534047
2021-01-28,537.7168579101562,547.3878767313663,524.4252405864332,528.7128740856344,9863454
2021-01-29,558.5357055664062,571.6844359625964,527.9505533495585,541.1945993779245,22539938
2021-02-01,562.29931640625,571.1127849508323,552.2471517045757,567.8732164941672,12621971
2021-02-02,580.6884765625,587.7869032623479,563.5855722487687,568.7783841650197,15788247
2021-02-03,599.5064086914062,617.8003218219753,581.6888992457231,583.5945139852668,23788455
2021-02-04,601.6978149414062,610.7494843664947,596.69557657491,602.6506222493102,7926593
2021-02-05,604.79443359375,613.846102942534,593.7418921771318,603.60342446891,10981738
2021-02-08,604.69921875,614.4178073699492,602.6982883863808,610.6542647939623,6479801
2021-02-09,599.3649291992188,614.4067446933375,596.8659968002543,607.3424121578172,5794015
2021-02-10,602.7288818359375,607.005952456446,590.2341030623519,598.8362894121785,6902162
2021-02-11,618.6358032226562,623.5375780589029,597.8271653990561,597.8271653990561,11433578
2021-02-12,602.7769775390625,628.9679557715607,598.1634738923707,628.9679557715607,15471776
2021-02-15,603.1133422851562,612.5324711969828,599.0765559906207,607.4384578872013,7310676
2021-02-16,606.6215209960938,609.8413058438053,598.7882325306394,606.4773270093635,6137454
2021-02-17,597.106201171875,607.8228993140956,595.7125411628717,604.2666816348521,4700733
2021-02-18,592.1083374023438,602.8730817221178,590.2341088353471,597.8271133218929,5633766
2021-02-19,583.6983642578125,598.1154161923697,577.8354532696796,591.9641758981727,7301975
2021-02-22,572.164794921875,587.1104622476668,567.4552592267531,584.3712454996439,5330343
2021-02-23,580.57470703125,584.7075837858083,568.993019631182,571.8764302036374,7564187
2021-02-24,578.07568359375,585.6686283737641,572.6932828419241,583.5060707851242,3296243
2021-02-25,585.8609008789062,594.8475647912765,579.2771375319387,582.8333552799252,6261754
2021-02-26,571.4918212890625,597.202226346543,567.0706162210635,581.4396206867476,15404415
2021-03-01,580.9591064453125,587.0623011973249,573.8466711993111,576.6820362769656,5274758
2021-03-02,590.3302612304688,592.3966702468819,581.0072221124145,585.3323379097775,4776776
2021-03-03,600.085693359375,601.094933855453,588.4559624023032,592.5407935010534,6626297
2021-03-04,594.8956909179688,612.0039158595455,592.0603253545033,597.8271467053589,11530735
2021-03-05,587.4467163085938,595.3760934564206,583.3138405581088,595.3760934564206,6127488
2021-03-08,590.9068603515625,597.7309664534715,587.5428817368997,587.7351208189353,4554461
2021-03-09,588.7923583984375,596.7698404733586,583.890584365315,593.9825203913822,4035628
2021-03-10,601.671630859375,603.497814226598,591.4355005751879,593.9825365352935,5825924
2021-03-12,589.7534790039062,604.699202211131,587.7351153192478,603.593871497118,4264170
2021-03-15,581.9683227539062,590.1379854184945,573.3180916972833,590.1379854184945,4030762
2021-03-16,578.8926391601562,586.2453585897613,575.9611838743148,582.448856784038,4189930
2021-03-17,562.024658203125,580.5265387852714,559.3815324056756,580.5265387852714,7667561
2021-03-18,552.2211303710938,568.5604557836135,549.7702432918426,564.5717733072612,5537584
2021-03-19,555.825439453125,560.0064200299778,540.2550104470938,548.809152044034,6186643
2021-03-22,568.0317993164062,570.53073131346,556.1136805693889,556.1136805693889,7033955
2021-03-23,565.0042724609375,571.588095065632,560.3427822148002,568.2241160986479,5341729
2021-03-24,562.5534057617188,573.798719022937,560.5350417731252,562.265076429511,7299582
2021-03-25,553.37451171875,565.1003923927034,549.2896803252551,561.688368490764,4710869
2021-03-26,564.3795166015625,567.3590170891259,552.2691582406236,558.2762629842048,5761818
2021-03-30,574.4714965820312,575.7209627317934,564.4276049486573,571.8283702923611,4637718
2021-03-31,574.5675048828125,582.4488375191628,572.5491412873539,574.9519830262943,5269919
2021-04-01,587.0142822265625,588.8885106605264,574.1350260444269,576.6820619499591,6033653
2021-04-05,585.1400756835938,588.1676800873515,569.7138416819396,587.927395885883,5353987
2021-04-06,596.33740234375,597.7310625837296,580.0461201286357,585.0920888621491,7444994
2021-04-07,596.9140014648438,603.9783921848268,592.2044663146569,596.8659563571844,4757224
2021-04-08,590.3782348632812,601.6715914113375,589.4651432395357,596.4333845138683,3222479
2021-04-09,612.0037841796875,617.0497517759865,585.8128095131834,589.176787910716,16755446
2021-04-12,595.280029296875,620.7501534563912,591.2913469376981,614.1663901105994,15229597
2021-04-13,602.9691162109375,610.8504492878609,592.1563277812617,599.74933156602,7399207
2021-04-15,608.6399536132812,616.5693331905564,602.1522794136923,608.9763280694846,8588761
2021-04-16,620.9424438476562,624.7389460988846,602.0080363640319,608.6399040263365,9804095
2021-04-19,615.7523193359375,626.0845400190092,610.3218729070225,618.9721041765708,11340358
2021-04-20,620.0774536132812,633.869743753582,614.3106325935368,618.7798836859565,13831258
2021-04-22,615.0795288085938,632.4280369341134,613.3013904673559,625.4117497767422,11295290
2021-04-23,613.1572265625,620.7021268944319,605.6603713374138,611.76356648517,7668180
2021-04-26,610.033447265625,618.9720064333573,606.4772299059758,618.9720064333573,6527947
2021-04-27,614.4066772460938,617.4823266278208,607.4384356973504,608.1112431657177,5112384
2021-04-28,618.3953857421875,622.1437837318759,613.493553299031,616.0405890583983,6069155
2021-04-29,619.4526977539062,626.6612241048051,616.1848090095771,623.7297684547337,5676290
2021-04-30,629.0159912109375,640.6937681463921,615.2236429173064,617.0498263046456,10874266
2021-05-03,633.5814208984375,638.1468209189738,624.8350403980536,628.5354524546867,6567597
2021-05-04,620.0774536132812,639.0599061366069,617.0498491126606,636.2725858451422,5604638
2021-05-05,656.8409423828125,661.1660581790211,617.2901378033382,617.2901378033382,25296369
2021-05-06,652.9963989257812,669.6240546872177,647.1814740565954,663.0402320711652,11153908
2021-05-07,653.0443725585938,664.1454902211252,651.2662343840013,654.5341227794302,6466334
2021-05-10,671.0657348632812,676.1597482417862,657.0331021894509,661.2621276337583,10924222
2021-05-11,680.5809326171875,693.7965633842169,669.1434400966931,671.3540429650967,14760511
2021-05-12,675.5349731445312,687.1647635661132,672.7957567430456,687.1647635661132,7250661
2021-05-14,664.5780639648438,683.3682770078907,660.30099339581,675.6791824705305,6851035
2021-05-17,660.4451904296875,671.354069889626,653.6210837984253,661.2621332627955,6318234
2021-05-18,663.9532470703125,668.8069758659939,658.1383815363524,664.1454861505945,4080423
2021-05-19,676.0635986328125,679.2833832096577,663.9532406497319,667.3172192011771,7745431
2021-05-20,660.1566772460938,674.381546438409,658.3785979286168,672.7956475182946,6226376
2021-05-21,663.56884765625,667.5094849372065,661.2620959493132,664.866358826944,3434231
2021-05-24,664.0974731445312,671.2579539234258,662.7999032872602,664.1455182511412,3722957
2021-05-25,669.0472412109375,670.2967658660194,664.1454674489969,667.9900142938536,2800233
2021-05-26,676.447998046875,678.706704490819,669.1433825886763,672.3151219675487,6235460
2021-05-27,672.315185546875,682.1668376581766,667.5095015901426,679.7639956798104,9875654
2021-05-28,643.7213745117188,667.5095104119279,640.4054408051231,667.0289420099034,28316552
2021-05-31,642.3276977539062,649.4401333846547,633.389137440708,645.8839155692805,13947126
2021-06-01,644.9708251953125,647.1333829526895,638.4831519231814,644.0577335206822,6443084
2021-06-02,651.1220703125,651.7467739707404,644.1057841225735,644.9227268537835,4978457
2021-06-03,649.2479248046875,654.3899833493591,647.325651156117,651.6507668654007,3604574
2021-06-04,647.7581176757812,652.8521306653136,646.6527869594944,652.5157562715555,3747803
2021-06-07,649.1036987304688,651.4584955661968,644.8266870043219,647.7581424408622,2793705
2021-06-08,652.3716430664062,653.5250190298696,639.2521014753955,646.8451061269855,5695920
2021-06-09,646.7008666992188,658.0903728764395,641.654898543815,654.5822001221907,4492551
2021-06-10,649.7765502929688,654.534189393434,646.8450946575346,646.8931397670065,3099864
2021-06-11,654.8224487304688,659.6761775311445,647.8542073707778,648.9595380861881,3822099
2021-06-14,650.78564453125,657.1291820312646,645.4513475098062,655.4952378874822,3640962
2021-06-15,647.0372314453125,654.9185640359952,645.6435715121768,650.7856293384629,3862284
2021-06-16,642.5679321289062,654.0535274815236,640.9339879984574,648.7672756062136,4842448
2021-06-17,639.2039184570312,647.3735799961818,635.9360890392464,645.6915908557685,2776147
2021-06-18,642.5199584960938,646.8450741478999,627.3340086068237,641.0782532788251,4158743
2021-06-21,645.2591552734375,648.575088904699,636.2725498249995,636.2725498249995,2932177
2021-06-22,640.8860473632812,653.8133498800121,639.9729556124455,651.650791942151,4577152
2021-06-23,639.3963012695312,646.2203495652883,638.4351644017829,640.8860516819133,2631031
2021-06-24,638.9637451171875,644.9228051236848,635.7920053492064,638.3870864914222,3460776
2021-06-25,646.1241455078125,651.0740229698883,638.9636653720136,638.9636653720136,3010243
2021-06-28,650.016845703125,653.4769735917795,643.5291719079286,648.7673795196408,3342385
2021-06-29,651.2662963867188,655.0147535110979,646.9411806261905,647.0853746167962,2937766
2021-06-30,649.1998901367188,656.888984854659,648.0465141964003,651.6988224547945,3768943
2021-07-01,657.5617065429688,659.1475469236605,647.5178161460702,648.7672821420141,4102748
2021-07-02,654.7744140625,662.7037922878441,651.9390489038415,658.8592452694954,5071894
2021-07-05,653.7652587890625,658.3306585590096,652.2274047213049,657.4175668723933,1600769
2021-07-06,647.0853881835938,656.456472527879,646.2684453213985,651.6507882487583,2682423
2021-07-07,653.6691284179688,655.4953118429029,640.2132129255924,642.0393963505265,2576763
2021-07-08,640.9822387695312,654.4381557199883,639.2521453739586,650.689698247104,2548016
2021-07-09,641.9432983398438,646.1722651025078,638.3870804131218,640.5976833416888,1994075
2021-07-12,642.5679321289062,646.7008082260683,640.5015234118898,642.6159772315106,1555035
2021-07-13,656.4564208984375,662.5596159876571,643.0005059751899,644.2499720568647,7744032
2021-07-14,659.291748046875,665.4910916538752,654.5341095269387,655.4472011480384,2663467
2021-07-15,656.4564208984375,661.4543438882705,654.8224766394164,659.3398312391334,1905193
2021-07-16,661.8387451171875,668.6148061611207,656.120028363311,658.2825860590857,3479357
2021-07-19,662.4634399414062,664.6259974167318,651.6986976649381,651.6986976649381,1940882
2021-07-20,650.1609497070312,664.7221359007006,647.7100627895949,662.2232038796144,2724983
2021-07-22,660.5892944335938,661.454340997275,649.2959373152275,653.5730077011929,2047831
2021-07-23,667.0289306640625,671.7865694958061,655.1108110313243,659.5320754526264,3956261
2021-07-26,676.0635986328125,677.6013939339352,668.1822657225151,668.1822657225151,4715053
2021-07-27,661.550537109375,678.2743431546857,647.6620967398629,677.6015355711354,5327355
2021-07-28,661.06982421875,665.0585650716121,646.4124892401828,661.550392578703,3332667
2021-07-29,675.67919921875,678.5145646323097,654.2458593972123,661.0699075030144,4397443
2021-07-30,743.8717651367188,753.2908931203021,669.0953411631123,675.6310590294888,35893710
2021-08-02,744.881103515625,770.735709799682,734.4046877557616,754.492472593246,18661462
2021-08-03,763.9115600585938,773.0904052844539,735.509977746895,743.8718801118623,14678219
2021-08-04,755.2131958007812,766.8910306933064,749.3983302383458,760.2591637014547,5796169
2021-08-05,755.59765625,763.5270341937437,752.8583813988288,754.972893916453,5026619
2021-08-06,754.6846313476562,765.4974204086204,751.1764585426228,755.934097462074,4064324
2021-08-09,758.1445922851562,762.1813780249757,751.6088746728008,758.4810253169652,2873586
2021-08-10,762.517822265625,767.7560293209126,751.8011826290689,759.2499924915688,5656020
2021-08-11,749.2540893554688,764.1036628375793,743.2469850878778,763.1425261547648,4275776
2021-08-12,748.38916015625,750.8880922620452,743.1029079867252,749.6866713144259,2821380
2021-08-13,748.0527954101562,757.8564029706861,737.8167231994937,739.1142344761669,4319920
2021-08-16,750.4556274414062,752.5701402065424,741.0845433200604,745.0732846420931,2310304
2021-08-17,753.6754760742188,762.3737527380857,747.956700147211,752.5701452436634,5686055
2021-08-18,752.4739990234375,760.6436615502539,749.0138714612591,757.3757730742742,4036305
2021-08-20,731.5692749023438,753.9637498786237,714.4609934903552,744.8809956825136,6238261
2021-08-23,731.761962890625,742.0250603037169,723.5226054780618,737.2067157562902,2375417
2021-08-24,743.3259887695312,749.6862388538888,726.8472739673477,732.1956246440086,2732537
2021-08-25,741.1095581054688,747.8070687450075,732.0028752083753,742.025055326876,2254852
2021-08-26,732.9183959960938,743.0850914863393,731.6656381454204,737.35130838314,1735864
2021-08-27,743.7597045898438,748.7707950331395,730.5574278430967,733.1111741588943,2432862
2021-08-30,758.6002197265625,766.0686541926618,740.2423377379456,741.0614328297338,3617125
2021-08-31,765.2012939453125,771.8988047009485,755.2273441532162,758.8411026021906,7435465
2021-09-01,759.8529663085938,774.6934916506992,758.4074628850518,766.1649861611903,2811619
2021-09-02,761.2503051757812,766.743230000208,759.6602278679233,761.587565784025,2679549
2021-09-03,760.7203369140625,768.2369433978247,755.5165007542411,764.1895218088179,2860730
2021-09-06,755.75732421875,764.2857703369896,751.4208142296083,760.7202425111734,4613445
2021-09-07,741.9287109375,754.5527500225542,738.7485565077803,753.5890811208651,3851664
2021-09-08,749.2044067382812,750.6499101050085,735.8093853462021,739.4231437630203,2548562
2021-09-09,748.0962524414062,753.830094904441,743.4224811966233,744.1452329654675,2008287
2021-09-13,751.9508056640625,754.5527233702545,743.6151052494946,748.0961301934609,1935832
2021-09-14,753.0108642578125,759.3710551520653,749.0597866751702,756.1909597049389,1996844
2021-09-15,752.2881469726562,757.2028348137671,750.5053242249611,756.1909942367951,1393824
2021-09-16,752.6736450195312,756.0464864493254,750.0235553246929,751.6618043541304,1353677
2021-09-17,741.9287109375,759.2747511679036,738.7967870070104,756.4800878259324,4052622
2021-09-20,729.0155639648438,746.6025223817088,724.2935625614607,738.8449990627382,2206369
2021-09-21,736.7249145507812,738.5076785867143,723.763555369706,729.0155629269667,2123997
2021-09-22,742.1215209960938,745.8798538643474,736.7249977768652,737.2068323077852,1817865
2021-09-23,741.8805541992188,748.9635566214653,738.2667954585893,743.0851404460952,2109768
2021-09-24,742.4586791992188,748.4334378484723,734.3156656317612,741.061347599507,1777859
2021-09-27,735.3275146484375,746.3615349008236,732.4846797371192,743.4223566302117,2862731
2021-09-28,746.9397583007812,762.2621176955656,727.5218648030655,738.8449746424117,4938824
2021-09-29,781.8246459960938,789.9676607894216,743.3260577781037,755.5164941249242,18565413
2021-09-30,788.5221557617188,802.6881017625886,777.2953884343087,785.1974859628889,10478553
2021-10-01,796.5687255859375,800.5198035469613,776.0425888422071,782.4991825305652,5730355
2021-10-04,801.7726440429688,808.421983968959,796.424292616076,799.845305956327,4007435
2021-10-05,790.6903076171875,804.0853284335697,785.3419571536969,797.9178241401966,2987134
2021-10-06,771.5133056640625,794.0631816806091,768.3332100252372,790.6421688143322,2910453
2021-10-07,793.3404541015625,796.3278042856517,774.8861703910148,778.6926744639367,4089061
2021-10-08,791.5576782226562,803.5071375975263,788.8593581795302,795.1232061896609,2753935
2021-10-11,802.3025512695312,805.8199663707692,788.0884346342087,795.9905315780603,2988841
2021-10-12,799.55615234375,812.1320205784914,793.774138551438,803.2180826486771,2407031
2021-10-13,811.939208984375,816.0348017541555,797.1950867767011,797.8696667611424,4113083
2021-10-14,810.734619140625,819.1185501824997,807.7954408123298,813.2401935259094,2300231
2021-10-18,805.5308227539062,820.082198997531,801.9170645327067,819.1185301385444,2632795
2021-10-19,797.29150390625,811.6020234929698,795.6533137009121,806.5909330533543,2029762
2021-10-20,785.2938842773438,804.4708619072496,778.1627102170107,795.0750892451866,2089252
2021-10-21,788.6666870117188,798.8815542873542,780.6200160416154,793.147712309089,3155655
2021-10-22,783.0291137695312,796.8095665867878,771.0796552977731,795.1231460961314,1709523
2021-10-25,783.6557006835938,791.4132249453952,766.6469180450571,780.5719478913487,2129988
2021-10-26,783.9446411132812,793.9668210848259,777.0062133497258,787.3174822244017,1628608
2021-10-27,795.1232299804688,807.9882457998954,786.1611204767411,786.1611204767411,3569869
2021-10-28,778.259033203125,799.0261464689327,773.8743511725531,794.0150560835566,1647229
2021-10-29,766.1168212890625,786.8838755617257,751.0353785756062,770.935166077044,4321416
2021-11-01,782.306396484375,784.2819059537879,758.4074196736957,769.9232747219851,1935341
2021-11-02,785.7756958007812,805.6272529075534,754.3118806380232,785.0529440786752,17608860
2021-11-03,759.3228759765625,792.1357882900032,752.9626263274225,790.2084506055993,9452138
2021-11-04,766.5504760742188,768.0441511793492,759.8529651253663,768.0441511793492,485870
2021-11-08,770.9351196289062,773.8261263275147,754.552748336792,769.0077818298339,4280584
2021-11-09,772.236083984375,782.4991817549092,768.0441476091903,770.935154438334,3232291
2021-11-10,781.6317749023438,785.3901069165003,768.0440677453382,770.6941570631546,2900645
2021-11-11,765.9722290039062,781.0054996716108,763.3221394342262,779.5599962699671,2107377
2021-11-12,777.1990356445312,779.1745452983172,767.1768546832305,774.7416914987151,2076523
2021-11-15,781.2463989257812,789.8712474539682,777.3435515946994,778.9335700093047,2109222
2021-11-16,769.4414672851562,787.7511769162049,766.7432060504332,782.7882584101893,1512946
2021-11-17,762.599365234375,775.7534693283194,758.7929201098291,770.9351247983299,1662900
2021-11-18,761.9248657226562,765.4903937221026,751.7581114211008,761.2984573888704,3177648
2021-11-22,742.747802734375,765.1531046008353,737.2548782551903,763.0811929441759,2894426
2021-11-23,756.6728515625,762.9848712567871,733.882057962521,742.0250721411128,2739763
2021-11-24,750.64990234375,767.9959425651299,747.3734045526388,755.034584080618,2404041
2021-11-25,754.4564208984375,758.6483571728273,746.2170045793464,747.4215907291921,1861259
2021-11-26,739.4232788085938,769.8752572532295,734.315844410224,746.8435425432068,5432649
2021-11-29,723.7635498046875,746.8434328145582,721.8362119135531,744.9160949234239,4664270
2021-11-30,726.2208251953125,733.978406527873,718.945137107662,723.7153097007836,5505266
2021-12-01,718.2706298828125,735.5203276515675,713.4522851225664,729.2564794632476,3687799
2021-12-02,738.4113159179688,742.7478260930171,718.9933634959563,725.6427026247705,4896650
2021-12-03,724.486328125,743.8561099329833,721.6917233708173,743.8561099329833,3135454
2021-12-06,710.3685302734375,725.2089955646569,707.0438609120246,723.9080661186466,2577704
2021-12-07,716.6805419921875,723.7153128972938,708.2966111578041,714.1749676689128,2583462
2021-12-08,730.0274047851562,735.7612468284963,720.1979696848141,722.9444614960031,2530785
2021-12-09,732.1475219726562,738.9413766519053,728.6783371034147,730.6538467877797,2604449
2021-12-10,733.6893310546875,746.8434357402839,726.799133357501,726.799133357501,2950388
2021-12-13,734.8939208984375,745.2533621554192,731.4247361906154,736.0985070911098,2491218
2021-12-14,728.581787109375,740.8203926771373,726.2207867773078,729.7382014370892,3224172
2021-12-15,746.9397583007812,750.5535167601471,718.2224361738907,725.1608641794098,6231786
2021-12-16,736.6766967773438,757.9255840975336,732.3883584413547,757.9255840975336,6186549
2021-12-17,741.0132446289062,744.2896837407175,726.1245477131879,734.3157337192424,7171030
2021-12-20,736.1949462890625,746.5543880668613,725.6909306338006,740.0977939859979,7474026
2021-12-21,750.264404296875,755.4682398420919,736.2912053592654,736.2912053592654,5599344
2021-12-22,768.5259399414062,771.8987810571366,749.2525621372331,756.480078813798,5871235
2021-12-23,763.659423828125,774.7416160657965,761.2984232835196,772.7178761056999,4277384
2021-12-24,756.8656616210938,765.9241149962354,749.3489963123806,764.5750136770553,3076272
2021-12-27,765.24951171875,767.6586841631707,752.7700455107995,755.5164785703646,3598487
2021-12-28,785.4864501953125,790.1121076946367,765.3458066725251,767.0803988259324,5477769
2021-12-29,808.3255615234375,812.999391557067,786.8357541592935,792.6177682743648,8748856
2021-12-30,804.133544921875,811.3610618476196,797.2914602748936,806.2536283169634,5179861
2021-12-31,814.974853515625,820.0341155697795,803.6999148885435,804.133577685294,3346523
2022-01-03,818.1067504882812,828.803452092069,810.3492273596169,814.3002464484471,3726756
2022-01-04,807.2654418945312,822.9732330570249,802.15800853488,821.5277297202737,3027262
2022-01-05,804.7598876953125,813.8665707090604,800.4716080760787,809.4818889076804,2436343
2022-01-06,799.459716796875,814.2038984061766,792.1358564926297,807.3618137468345,2423850
2022-01-07,798.8333740234375,805.6272282396731,795.2196155235586,799.4597235394727,1475374
2022-01-10,796.6651000976562,804.6635402915084,787.8475060392452,801.868876923902,4837873
2022-01-11,802.1580810546875,810.9274452300411,798.2070029530914,800.7125775872543,4950526
2022-01-12,805.8199462890625,814.3002208491623,797.4360150919312,814.3002208491623,3953446
2022-01-13,834.055419921875,839.355598789085,803.9407672672723,805.8199333564557,7395140
2022-01-14,828.5143432617188,837.3319372928274,825.6715082209249,834.0554394801019,2351963
2022-01-17,822.2023315429688,832.0317662574549,819.6004137041807,828.5143511842086,1750754
2022-01-18,815.9385375976562,835.6937516989901,814.300288567179,823.9369783727077,3354708
2022-01-19,808.0363159179688,817.1911698252087,803.699806172434,817.1911698252087,1677779
2022-01-20,790.20849609375,812.1319635158632,786.0165599159351,808.807294055347,2886894
2022-01-21,779.3672485351562,789.9194351011165,771.9951576803622,786.8356827560496,3218477
2022-01-24,771.7542724609375,795.0269016546293,762.8403344726886,774.7898532488751,5300160
2022-01-25,778.6926879882812,782.210103204105,756.287384765424,762.2621440550564,3779497
2022-01-27,782.5955810546875,787.7030738720244,762.5512773702501,772.862547561352,3593525
2022-01-28,797.29150390625,812.2766035398254,782.5955520196745,786.3538845538078,5073701
2022-01-31,804.1817016601562,818.8776524694042,790.2566742117915,799.9415349487758,8041517
2022-02-01,859.3516845703125,862.4836082875578,809.3372484509237,816.612995217436,12337459
2022-02-02,858.2918090820312,865.8084154370911,849.9560487952299,857.6654007117398,4404741
2022-02-03,851.44970703125,858.821798181866,848.462356750092,857.0389752960187,2292825
2022-02-04,861.4718017578125,870.0484194466204,849.3295386536488,850.8232724626353,4222492
2022-02-07,854.8225708007812,868.6994278647778,847.7396272100526,868.6994278647778,3494623
2022-02-08,861.6163940429688,863.3992169104781,849.956023148169,853.8106989901108,4766558
2022-02-09,860.985107421875,868.8523963314996,859.9166713732113,868.2211043444709,2874380
2022-02-10,868.609619140625,870.503613754948,854.7204241052767,865.7929624030018,3159839
2022-02-11,854.8174438476562,870.0664435925506,849.5240528022412,868.9009039994862,2682532
2022-02-14,840.005615234375,861.1794187204675,837.4317767869164,845.0076959981233,5163415
2022-02-15,851.6123657226562,854.7204519497454,834.3722656975335,837.7231702348357,3219287
2022-02-16,843.8905639648438,855.8372698795922,842.1908361309993,850.835189970129,2136415
2022-02-17,837.7716674804688,847.2901327645634,836.5575760084718,847.2901327645634,2275289
2022-02-18,838.1116333007812,842.9679990997618,831.7983577621065,837.7716521257672,1797851
2022-02-21,819.6087646484375,839.1799409184589,815.3837504641739,830.9241197404416,2305713
2022-02-22,821.5028686523438,824.6109547787793,800.9118647567468,811.9844030566071,3171552
2022-02-23,816.1123046875,828.4960379630318,813.9754917953596,825.4365036763523,1979574
2022-02-24,794.7442626953125,812.9070826328259,791.5876249271979,806.7394625014243,3679222
2022-02-25,807.6621704101562,811.0130746107179,793.578709833084,796.9296140336455,2098988
2022-02-28,819.6575927734375,822.6685164052861,797.415409644321,797.415409644321,4123139
2022-03-02,797.3181762695312,820.6772843656497,792.2675438829032,820.0944848892251,3807036
2022-03-03,797.3181762695312,808.8762915293232,793.5301871591076,808.8762915293232,2657776
2022-03-04,805.8168334960938,815.4809544034891,786.099940125243,792.8503007166073,4082674
2022-03-07,799.0178833007812,805.1854441117121,785.8570846476941,794.5014394250669,3065234
2022-03-08,830.4385375976562,836.9460795147247,802.4658829244127,802.4658829244127,4864275
2022-03-09,843.3079223632812,860.3537544890393,835.2949187819429,838.5972712433393,7276355
2022-03-10,844.570556640625,856.5658156251983,841.7052889886609,844.9105378125782,2899758
2022-03-11,876.08837890625,880.9447446429809,844.0849168448319,846.9501844858647,7194497
2022-03-14,866.6184692382812,885.6068474896342,864.3845528466765,876.0398306621536,3861194
2022-03-15,866.0357055664062,881.9159974464695,856.031544954068,868.026803616174,4039746
2022-03-16,863.6560668945312,874.145804694504,855.157427126668,874.145804694504,3134307
2022-03-17,885.41259765625,888.7149501454707,866.5699337359126,866.5699337359126,5484100
2022-03-21,887.5493774414062,904.2552871921885,885.1211946079148,886.2867342243522,3878744
2022-03-22,887.8407592773438,895.5138408454675,876.5740144935297,887.5493891898294,2174495
2022-03-23,874.9227905273438,899.3988843331601,870.066425061182,891.6286995873013,2578669
2022-03-24,882.7415771484375,888.4235606352623,860.0623728476183,860.5480094217842,3141478
2022-03-25,876.4282836914062,888.6663606782242,870.5520931209986,885.6553784111261,1571676
2022-03-28,879.87646484375,884.7328311155848,873.4660257958392,882.7902846068508,1545077
2022-03-29,892.9400024414062,895.5139001621895,875.2142663481742,881.9646270181237,3177777
2022-03-30,894.154052734375,895.5138588792365,882.3045675369086,895.5138588792365,2084073
2022-03-31,888.4720458984375,900.3701410744483,884.6355053934855,894.1539696779333,1901705
2022-04-01,882.5960083007812,892.6001108533295,878.1281158112082,887.7437446354115,1184766
2022-04-04,899.4474487304688,902.1184497742718,876.6710825187691,881.9159810084137,1876408
2022-04-05,902.4098510742188,913.6766550724592,897.602096454465,901.341474332453,2911697
2022-04-06,901.4385986328125,911.8312333305678,898.4276755410203,901.1472285403502,1881754
2022-04-07,904.206787109375,920.7669831246105,900.2245314655935,901.438622951781,2728625
2022-04-08,898.0391235351562,910.3743042970424,892.8913877380312,910.0829342107538,1453271
2022-04-11,898.8162841796875,906.7321255533327,892.2115786915872,893.571384946623,1102625
2022-04-12,894.8339233398438,901.4871798533479,885.2183549162629,893.5712801264613,1420380
2022-04-13,909.8401489257812,915.9106062845068,894.8339664786497,894.8339664786497,1825531
2022-04-18,900.8558959960938,914.0166360435019,892.8428920694439,900.9529996036921,1287320
2022-04-19,895.5138549804688,910.8114072754172,888.763494651098,904.2067616330077,2001066
2022-04-20,896.9708251953125,904.2553743983065,889.7348277973093,891.6288224464504,1455897
2022-04-21,916.9789428710938,918.8243855399753,894.1540242028175,904.2552885176713,2410164
2022-04-22,898.2333984375,915.1821267835112,891.9686747554512,913.9680353444246,1745381
2022-04-25,874.1458740234375,895.8538061822951,870.8435214532911,889.2491603238136,1146270
2022-04-26,891.67724609375,898.1847876361473,878.0794228691963,879.002144158652,3142879
2022-04-27,880.0704956054688,895.2223909045624,877.6423129564284,883.9070360473131,1586283
2022-04-28,894.5426025390625,900.7101635452558,883.1786944289469,893.571329354981,3150038
2022-04-29,901.9727783203125,939.2696293898249,893.1341576363542,897.4563347411982,4290688
2022-05-02,896.8737182617188,898.42773170654,876.6226359833539,895.950996843063,2119174
2022-05-04,875.0199584960938,894.4454204737466,869.289423499964,893.6683545691961,3925917
2022-05-05,852.9235229492188,892.7942730852939,847.5329096514703,879.0021827808788,4462293
2022-05-06,857.9255981445312,860.2566775167169,836.7518544274535,837.2374910231746,2350532
2022-05-09,859.9652709960938,865.7929098979463,843.1136462691518,843.1136462691518,2522123
2022-05-10,837.091796875,865.2587201180747,822.1827767332009,859.5767955214209,6975331
2022-05-11,830.2442626953125,842.0938067808861,826.5534366442146,828.4959829112985,2768829
2022-05-12,825.5821533203125,831.2640773686767,811.2073229776848,828.3988690855398,2700591
2022-05-13,857.1485595703125,863.4618350798955,835.4406282616236,838.1601812401591,4870689
2022-05-16,860.1594848632812,869.0466579701674,849.9125649045156,856.6143734062798,2739020
2022-05-17,866.1327514648438,869.8721290340285,853.4576498851335,854.8660076788352,2317400
2022-05-18,873.3202514648438,882.8872680049803,862.4905324405088,865.4043518068619,2878378
2022-05-19,859.1882934570312,874.1459252235828,853.1178356429785,859.5768264698564,2715634
2022-05-20,889.3463745117188,891.3374728165943,863.5104705090001,867.3470117004322,2877917
2022-05-23,895.5623779296875,904.5466543848917,890.2689275132328,893.5712798689497,2195036
2022-05-24,883.761474609375,904.1095999460825,880.9447587243243,901.341495144623,2911410
2022-05-25,885.0241088867188,896.145198345141,881.1875680759343,888.7149350118268,2405811
2022-05-26,874.0972900390625,895.950936085077,867.8325663161766,892.4057653471111,4113170
2022-05-27,877.933837890625,886.578133493332,870.2607561714785,876.0398433617917,2374509
2022-05-30,862.781982421875,889.200625646433,861.0337024965187,879.0022569197399,3541617
2022-05-31,835.8776245117188,857.4398996618085,826.7476927402151,842.3366144813466,24360628
2022-06-01,815.1409301757812,849.8639426914609,808.6819404986046,849.8639426914609,5999099
2022-06-02,834.85791015625,838.1117111127418,808.8763507195245,812.7128919132731,3553217
2022-06-03,840.2484741210938,849.8641031147756,830.2929231988921,837.3832654274732,2618353
2022-06-06,835.1006469726562,848.8441858312632,833.352367149683,840.1512792359857,2095566
2022-06-07,823.8824462890625,832.7696192897846,814.5096367152258,830.4385400261108,3031449
2022-06-08,822.9111938476562,829.4672877496588,813.5383840379953,820.8229328179982,3208941
2022-06-09,834.1779174804688,837.3345552040269,811.4501614399354,821.6970812708162,2297715
2022-06-10,821.4057006835938,829.4187040332741,817.8119782340423,825.582163300399,2124778
2022-06-13,805.6710205078125,826.5533917446032,796.201107970198,815.8693878560126,2191412
2022-06-14,801.3489379882812,811.6444694283495,798.2408519067171,802.2716593802503,2461692
2022-06-15,798.6778564453125,806.2052229530809,795.6183817563995,801.5431239401144,2008725
2022-06-16,791.1990356445312,802.2715725866574,783.3802991239884,798.9692203669202,2327414
2022-06-17,770.6080932617188,787.0225729124217,767.2086374469702,782.06910386651,5719089
2022-06-20,782.166259765625,790.1307114919734,771.6765215493213,777.9897970560181,2745302
2022-06-21,793.9672241210938,796.7353288014893,782.2147837952623,783.4288751957527,1342717
2022-06-22,786.0513916015625,797.4152999369286,780.1752005777562,790.6163875135929,2032073
2022-06-23,801.2033081054688,802.7573215548582,785.2744034810681,786.2456767073899,1778752
2022-06-24,800.911865234375,809.8475906225266,797.9009419961709,804.1171142527492,1404748
2022-06-27,811.6444091796875,823.6396085394437,804.2141460738908,804.2141460738908,2980249
2022-06-28,804.7969360351562,813.441291079954,801.3489280905227,812.9556544882645,2823691
2022-06-29,814.6068115234375,819.4631773256735,800.1833695217109,800.3290842085017,2975927
2022-06-30,806.7394409179688,823.78533183519,799.9891400660449,811.984339551238,3809670
2022-07-01,805.4282836914062,812.9070990261208,801.3003726806273,806.0596349704848,2316527
2022-07-04,805.573974609375,815.5295244004176,798.2894259817829,801.5917191238728,2097164
2022-07-05,811.7901000976562,822.4741049211717,802.9029861999087,805.5739874057875,2682730
2022-07-06,813.635498046875,818.4433118092205,807.3707746160494,815.8694143488499,2364840
2022-07-07,825.0479125976562,828.3988165107094,817.9576311166675,818.8317413015054,2327906
2022-07-08,833.0609741210938,834.809253895928,825.3393408936182,828.9816151252758,2927832
2022-07-11,832.6239013671875,838.2087219362879,826.6505478283831,832.1868165967225,1768048
2022-07-12,827.13623046875,835.2949490324895,824.6109438704461,828.4960366566437,1695338
2022-07-13,835.4406127929688,838.4515358059897,824.9508154842852,830.0499994553034,2663538
2022-07-14,854.623291015625,857.5856623451634,839.3742903006931,842.4823763193115,4934156
2022-07-15,853.1663818359375,859.5282092847975,847.7757682816372,859.479657482341,1413559
2022-07-18,857.43994140625,869.8722261082947,853.3120304395916,863.0733139279162,2866600
2022-07-19,850.1553955078125,865.6957662582143,848.4071156547542,854.720391272105,1604458
2022-07-20,842.5794677734375,859.2853780110132,837.2860171858189,859.2853780110132,2885666
2022-07-21,844.667724609375,852.6807281537864,838.888637469468,846.9501928153626,2321107
2022-07-22,849.3783569335938,850.9809813197764,841.6081718501532,845.9789009595886,1939758
2022-07-25,843.405029296875,852.7778390538697,831.79836239807,845.0076537321943,2419358
2022-07-26,842.7252197265625,852.1951334718917,837.2375024075701,844.2306813374064,1560211
2022-07-27,868.3182373046875,871.2320568929582,841.1711396176025,842.5794976082957,2797789
2022-07-28,869.143798828125,871.0863452270542,853.5063240294704,870.2607867202339,3183169
2022-07-29,916.1049194335938,924.6035601686455,853.7491664126231,871.2320844961581,11315800
2022-08-01,892.3086547851562,912.9482092232066,883.8585665235692,912.9482092232066,4219890
2022-08-02,890.900390625,899.9817718207983,885.8497578569445,892.3087486971234,2043767
2022-08-03,871.2319946289062,891.4344638074181,867.8810904855106,888.714910909085,2863168
2022-08-04,892.1143798828125,893.5712895941073,869.872201244323,875.1170999177073,3151481
2022-08-05,889.6376342773438,902.3127367531989,885.703989961638,893.0856420285968,3317738
2022-08-08,884.2470703125,893.377002052333,882.3045240765603,893.377002052333,2677742
2022-08-10,893.2799072265625,900.3701892010181,886.9666318977528,886.9666318977528,3077870
2022-08-11,894.5912475585938,900.2732318466213,891.0946874442818,896.4852423212697,1526395
2022-08-12,887.20947265625,896.2908529158063,881.0904636542842,894.5911248996042,1384417
2022-08-16,888.326416015625,893.037126450972,880.2648605750863,880.9447636492591,1635836
2022-08-17,894.3482666015625,899.3988986229772,888.7148944276718,892.5999868623283,1828327
2022-08-18,890.4146728515625,892.6000374699602,869.4837480294939,883.8585789963696,2989998
2022-08-19,878.331298828125,897.28459660008,875.06687492272,892.6071909011264,1708425
2022-08-22,858.0624389648438,880.3776409107722,855.7237660230701,877.5029663273499,2860170
2022-08-23,865.7120361328125,869.2200754269197,850.3154894577768,851.825953089277,2314528
2022-08-24,858.5009765625,876.9670423804429,855.6263019193585,869.2200579951759,3223687
2022-08-25,854.8955078125,867.9046113065248,852.6542570891538,865.3222631944784,5016244
2022-08-26,857.6727294921875,867.7583871241101,855.6750348660006,859.7677870486789,1542618
2022-08-29,856.7957153320312,858.5010238356776,842.9096318023395,849.730865816925,2068888
2022-08-30,870.2432861328125,872.6307299525942,859.4754928176304,860.4499548276277,3672052
2022-09-01,849.584716796875,878.8673490596299,848.1717944017131,870.1946130006252,2939235
2022-09-02,847.3434448242188,855.5776608587514,843.8841165189963,850.6079283049323,1963435
2022-09-05,862.0091552734375,863.5196191190639,842.3737795212094,846.8075702087159,2808538
2022-09-06,865.0786743164062,867.953349224067,860.011459823038,864.347827787837,2252661
2022-09-07,870.9254150390625,873.5077631371672,857.0393314985796,857.0393314985796,1698682
2022-09-08,871.4613647460938,877.7466566138039,864.3478039594162,875.3105015857334,1772605
2022-09-09,867.2711791992188,878.8673007790878,864.055466497476,871.6562581951698,1405210
2022-09-12,865.0299072265625,872.289660836639,862.4962704053365,868.4405241395505,1571387
2022-09-13,867.4172973632812,870.4868167094417,860.9371018384393,867.1249112076548,2216354
2022-09-14,861.1808471679688,874.7746048261919,857.5753256438013,862.0091161299713,1889322
2022-09-15,851.9721069335938,865.4684411963535,848.8538166667486,860.4499381515527,1780723
2022-09-16,845.8817138671875,867.7583973175327,843.6891744017586,856.2597577941268,5625488
2022-09-19,852.508056640625,854.554462525844,834.919029441459,850.12067232253,1920725
2022-09-20,888.66064453125,891.3891262719951,854.4082809883251,855.1391274979769,4408042
2022-09-21,882.180419921875,898.9411778983019,879.5981313568655,895.0920411762409,4153228
2022-09-22,884.8115234375,887.9785250357069,872.4358437584491,876.918404783315,2317690
2022-09-23,897.576904296875,903.0339270604604,879.5493577008291,879.5493577008291,4802181
2022-09-26,877.697998046875,902.6929144480384,876.0901118413419,894.507468748679,3760536
2022-09-27,874.2385864257812,886.6142059521005,871.5588159891244,882.1317046486317,3096645
2022-09-28,894.4099731445312,902.3518626811687,869.2688640277529,871.1690769297676,5559336
2022-09-29,906.9317626953125,931.098407531346,901.4747400056028,901.4747400056028,8519098
2022-09-30,924.4234008789062,926.6646515855294,906.2496607728318,910.0987975714024,4182345
2022-10-03,920.3793334960938,943.1329967750088,918.6740250433483,928.61354906321,4444578
2022-10-04,920.4281005859375,931.8780294638734,918.9664075376903,931.2933760351515,1856830
2022-10-06,929.539306640625,937.4324248891367,923.351437380909,930.3188643294445,3449485
2022-10-07,930.7574462890625,936.9939676926489,922.035999088993,928.6623291012473,1762328
2022-10-10,921.8897094726562,929.8803093022146,911.3655323813427,921.7922870689106,1683827
2022-10-11,920.6229248046875,927.5903515191612,915.9942305545449,926.5184076911606,2426935
2022-10-12,931.1471557617188,935.4835235735719,917.0174567077429,921.8410555214573,2875040
2022-10-13,943.6690063476562,948.8823541562961,927.2005750754462,932.4139228840861,4498223
2022-10-14,951.3671875,954.8752861970506,939.3813174403945,951.0748608110218,3307000
2022-10-17,954.9728393554688,959.8451497603436,948.4439315176473,951.3673177605723,2647369
2022-10-18,953.3648071289062,959.845002765563,947.9078441017273,958.6269253508858,2065146
2022-10-19,951.951904296875,955.6548478176219,940.404494484695,950.6850561786607,2424533
2022-10-20,955.3137817382812,957.7499366970432,941.8662182612039,945.2281239995832,1669666
2022-10-21,952.7315063476562,966.5688786001333,950.8312935582472,955.9472190424192,1791608
2022-10-24,961.7940063476562,964.6686811798498,957.0191186957793,960.8195443351459,191840
2022-10-25,966.227783203125,971.8796509019782,960.3323000045243,966.617591793297,2119595
2022-10-27,985.8145751953125,987.5198838148532,967.1536027966185,973.4876062406266,4379157
2022-10-28,964.7174072265625,977.8726445978338,962.3299633638952,976.4109515565815,3934980
2022-10-31,990.9304809570312,1001.0649100524872,965.8867944141097,969.5410270961572,3546309
2022-11-01,1010.1272583007812,1022.2106105670782,993.122944438276,995.851426069764,5264069
2022-11-02,1025.085205078125,1043.5999822068159,1006.2781607349169,1012.271125543463,5923662
2022-11-03,1017.533203125,1028.6420940464427,1013.002049852349,1018.3128203293725,2386317
2022-11-04,1013.343017578125,1019.6770203280231,1005.1087426315318,1018.6051359609232,1576349
2022-11-07,1002.0880126953125,1023.1363689194145,994.9257405086724,1018.3128294138713,2853521
2022-11-09,987.6659545898438,1010.1760626212329,984.2066263627677,993.9999576307922,2268760
2022-11-10,984.8400268554688,996.192473270932,981.0396013314016,984.2066027759778,2419991
2022-11-11,987.6659545898438,1005.1087888167451,984.0604332712464,989.8097828989913,2390487
2022-11-14,990.9304809570312,995.3155601754884,976.410972643118,992.6357895419868,1764788
2022-11-15,990.1021728515625,995.9002340547041,978.7984366469989,995.9002340547041,1703050
2022-11-16,992.6357421875,996.6797238101786,981.3806584825716,981.3806584825716,1485506
2022-11-17,987.4710693359375,1004.1831168568343,984.6451651490372,997.1669783808868,1758031
2022-11-18,983.8168334960938,991.8561451765761,980.3087940079145,989.3225677102736,1130682
2022-11-21,977.5316162109375,986.9351391821585,968.1280337632737,977.3854231148098,1108922
2022-11-22,984.3040161132812,986.545326234556,970.8077415644168,980.4549388972636,1723123
2022-11-23,991.6612548828125,993.0741771685937,983.6706547745277,989.2738111433976,1311376
2022-11-24,1008.6656494140625,1010.9069597218823,987.9096195363256,994.5847202994325,1994268
2022-11-25,1007.4473876953125,1011.4426576002388,1000.7235769537767,1011.4426576002388,1948596
2022-11-28,1008.32470703125,1014.9023265262595,1001.6983168477107,1006.6193982732847,1427648
2022-11-29,1023.0389404296875,1024.354440382214,1007.5937410141958,1008.5682030461244,1179559
2022-11-30,1019.3359375,1031.2730960024674,1012.8069712738667,1026.1084002529044,3060171
2022-12-01,1019.725830078125,1030.8347219515706,1013.0507883978586,1028.0575287214328,1878374
2022-12-02,1013.4404296875,1023.0388561204077,1008.3732751202125,1021.5285114671176,2284133
2022-12-05,1012.8557739257812,1019.238428322178,1004.4266542734885,1015.535544286443,2294634
2022-12-06,1007.1552734375,1013.4405059170822,997.1182669996676,1012.8558524927068,1321211
2022-12-07,991.7587280273438,1010.6633151426373,989.4199953718535,1010.0786617169857,2954262
2022-12-08,955.7523803710938,992.002381043207,950.1005122958024,989.0789948515277,10021644
2022-12-09,967.4945678710938,971.5386089406102,954.9727550268786,955.7523127275309,4231753
2022-12-12,962.1838989257812,969.589787076693,955.1190487184385,969.4923646575152,1875104
2022-12-13,969.2486572265625,970.905195054188,954.7778607640183,954.9727650603393,1863361
2022-12-14,974.70556640625,977.385336771276,969.151121390727,973.4874889676018,1570685
2022-12-15,976.6058349609375,981.2832406975742,972.6105050478038,975.4364686576681,1304660
2022-12-16,968.2742309570312,979.4317737467882,962.3786880270549,972.6593101421056,2618988
2022-12-19,962.7197265625,967.786940761821,948.8336433254863,962.3786291830958,1547342
2022-12-20,963.1094360351562,965.350746081626,954.388049240386,962.7196869444409,1352408
2022-12-21,979.9190063476562,983.71943210476,963.1583067943858,966.6663463575254,2043630
2022-12-22,984.8400268554688,1007.6424610469929,981.3319280309977,993.9025114015834,5163443
2022-12-23,975.972412109375,1001.6007510216576,972.9516036754848,986.155551987139,3612433
2022-12-26,974.5106811523438,985.9606092992461,963.4505615839965,984.2065896486254,2307374
2022-12-27,974.608154296875,989.8097371012087,967.6407274836331,974.7055767024209,1870105
2022-12-28,969.5897216796875,984.7913055857971,967.6407976160098,973.3901473944361,1686511
2022-12-29,974.9979248046875,979.0419658230928,963.8403232085203,973.0490008394684,2162872
2022-12-30,975.8262329101562,981.0882918211036,968.3715751074332,978.3598102217488,1629162
2023-01-02,971.53857421875,975.826230633761,961.988858905067,975.826230633761,1616012
2023-01-03,983.32958984375,986.9351111736304,962.7684652370572,967.6407752838035,1810117
2023-01-04,978.457275390625,999.7005946799244,975.1928514645824,986.1555490203921,2573870
2023-01-05,990.248291015625,995.8027362812987,982.5013062616412,983.329575166649,2246533
2023-01-06,982.9398193359375,995.7052475900454,978.4572585046121,989.0789179659555,1773153
2023-01-09,990.881591796875,997.2155943550875,984.6937823190419,989.0788610131891,1567316
2023-01-10,986.0093383789062,997.8490753190193,984.255318696485,990.0533794180895,1607654
2023-01-11,1001.7469482421875,1006.6680289834795,982.5987459176042,986.1555560516476,3258157
2023-01-12,1006.4730224609375,1009.0065997937138,995.0718649870051,1005.595982896894,1641398
2023-01-13,1005.2549438476562,1008.5681383342087,994.0974018791194,1004.8164835425748,1491367
2023-01-16,1009.006591796875,1012.9532103273528,999.8953962352995,1005.2549370306823,1437532
2023-01-17,1006.3269653320312,1009.5427378503567,1000.5777340915301,1009.0067361130048,1245848
2023-01-18,1013.5379028320312,1014.9021734231764,1003.8420535091408,1006.3268602384484,1238451
2023-01-19,1013.9764404296875,1017.3382866117656,1009.5425909289169,1011.5889372550895,824263
2023-01-20,1004.0369262695312,1020.7489738321573,990.8816888979474,1017.3871274183506,2963571
2023-01-23,1022.5030517578125,1027.9600153144092,996.3874218723279,1008.5681972008405,2106604
2023-01-24,1014.12255859375,1024.1107941210803,1008.1297124396566,1023.1851027996997,2088556
2023-01-25,1013.4892578125,1018.9462212603214,1003.9882532456469,1003.9882532456469,1753333
2023-01-27,1016.7537841796875,1024.1596723873427,1007.5938166018195,1018.264129070749,3448013
2023-01-30,1024.8416748046875,1044.7694947955974,1013.6353614002592,1015.3406699618026,3320916
2023-01-31,1008.0809936523438,1033.2221621965055,999.8468368870875,1028.057465735353,5265462
2023-02-01,988.9815063476562,1017.289556040351,979.4317311785057,1009.9810910495361,4717887
2023-02-02,981.8678588867188,989.7610365432906,967.6407378905848,984.1578802060592,2117181
2023-02-03,1001.8931884765625,1006.083303953198,976.0699439459214,981.2832921643601,2332076
2023-02-06,997.2156372070312,999.7492145486136,986.8863640741939,993.9512133850188,1215157
2023-02-07,980.6986083984375,1002.2341954185063,976.4109516862841,1000.0416558563364,2360600
2023-02-08,994.5416259765625,998.3705861168488,979.2259052614263,986.4910302476301,1815142
2023-02-09,988.4546508789062,1002.5922862359072,983.1530825622873,984.7239043028392,1474402
2023-02-10,988.2581787109375,995.8669618132334,978.5386078630962,988.4545463885004,1530150
2023-02-13,996.7506713867188,998.8123823694116,983.7421056188053,989.8782215470663,1355766
2023-02-14,988.405517578125,999.4996027861068,984.9692927839621,999.450525845077,1832842
2023-02-15,977.2623291015625,988.0618924494187,972.5006674898422,983.7420431410749,2251350
2023-02-16,977.0169677734375,991.5963555667754,973.1389304378569,980.6986374104429,1678410
2023-02-17,966.56103515625,978.342378398378,964.1065886474732,974.1207423878842,1847026
2023-02-20,966.4628295898438,973.5807240847134,957.1850102981364,972.1080562581886,2157871
2023-02-21,953.89599609375,972.7461558605751,951.4906866328606,971.9607450209169,1771813
2023-02-22,950.901611328125,960.179430695211,948.3980879872943,953.8469470051042,2605147
2023-02-23,954.7796020507812,959.4430499785358,946.483561647333,955.2704913063344,2835983
2023-02-24,952.8160400390625,965.4318698715114,946.1399581831012,952.9141939204573,1823835
2023-02-27,947.46533203125,954.8286708013851,942.5564395178267,952.8160368554824,1548675
2023-02-28,939.1693115234375,958.215838846766,936.6167113317774,951.343389182906,3819644
2023-03-01,941.8201293945312,948.4471344547931,933.671379601329,933.671379601329,1862513
2023-03-02,947.7108154296875,949.379850937136,933.7695481365988,942.5074011371773,1510195
2023-03-03,949.2816772460938,952.0797220656382,940.6911151753803,949.4289080706454,2215832
2023-03-06,947.6618041992188,961.652149404957,946.2382132287695,952.3252526011315,1989152
2023-03-08,940.0529174804688,947.4162562596891,929.7442431895603,942.5073637402089,4734482
2023-03-09,935.3403930664062,941.9183210300647,929.8915343519371,940.0529179026228,2994556
2023-03-10,938.138427734375,940.0529077818213,928.8606089836769,929.2533443503852,2001392
2023-03-13,936.71484375,942.4092069936872,930.2842065536337,937.696622250911,1412106
2023-03-14,939.7584228515625,946.1890602518115,932.9841270112966,936.1258302984199,1879695
2023-03-15,934.0641479492188,947.3181585375415,932.0514539585116,934.6531911172744,2189113
2023-03-16,949.7725219726562,952.3251220419181,934.3585879096453,937.843889516023,2228093
2023-03-17,940.2493286132812,951.0488926551686,935.3895128098305,950.9016019035763,2218687
2023-03-20,943.6854858398438,945.1090766187536,930.0878179541911,932.6895548923023,1955757
2023-03-21,938.776611328125,947.4162501218374,935.8803527757942,947.4162501218374,1687239
2023-03-22,954.3378295898438,956.6450451410967,939.1693389752076,939.5620743652528,1626129
2023-03-23,959.8358764648438,965.0392910830411,954.2888033813344,957.2341391942398,1857923
2023-03-24,955.1232299804688,961.161191978957,950.3616280241373,959.7866780518682,1534322
2023-03-27,965.5300903320312,972.8934291775299,945.452707762037,962.1429424785008,2473222
2023-03-28,966.2664184570312,969.8007971126016,958.5103442834683,969.0153862916975,1394675
2023-03-29,973.8261108398438,978.3422679368838,961.1611443153129,967.6899952607113,3045795
2023-03-31,965.1864013671875,977.0659569492776,963.5174258867395,977.0659569492776,1822710
2023-04-03,961.210205078125,969.997134424159,958.4121603903333,963.1246850911942,1671570
2023-04-05,978.9805297851562,980.7967961792476,957.5286319729761,967.0518961326916,1544121
2023-04-06,993.6580200195312,995.5234231840489,975.298809561938,978.9804790263761,1423990
2023-04-10,990.2218017578125,998.4196884401712,988.3073815620039,996.5052083213565,1110974
2023-04-11,990.8599853515625,1003.6231062924298,989.1909498593094,990.2218053353167,1786844
2023-04-12,998.1742553710938,1001.6104802671817,986.9328790835758,996.996109136405,3246327
2023-04-13,985.2147216796875,1005.1938901232229,983.7420539342769,1003.6721454375661,1445693
2023-04-17,980.5021362304688,991.4980667006538,976.9186209690914,981.2384700576285,1768817
2023-04-18,986.4910278320312,987.9146186459853,970.2916825324946,980.7967244992193,1217390
2023-04-19,977.3604736328125,991.0072184292321,974.9060274408666,985.2147014470389,2174563
2023-04-20,969.751708984375,983.8402064263865,965.8245950021553,980.8948709397218,1638094
2023-04-21,971.4207763671875,976.1823782580645,967.0027729918562,976.1823782580645,1216575
2023-04-24,961.3084716796875,964.5974057861938,941.7710549622457,957.2340668107266,3485350
2023-04-25,954.7796020507812,964.9901225354877,949.3798202396972,962.1429408840778,2377746
2023-04-26,953.5523681640625,959.0012268546849,945.6490632233396,958.0194483546447,2911028
2023-04-27,960.8665771484375,963.7136986882256,945.9926097213521,950.3615357909416,2777173
2023-04-28,969.6536254882812,974.4152275681516,961.3085076703172,967.0028113732676,2009995
2023-05-02,955.319580078125,970.880805625674,952.619689139147,969.6535824715932,3152556
2023-05-03,946.041748046875,954.6814468712704,942.0164801260127,952.816043733502,3087472
2023-05-04,956.2523193359375,958.1177225728392,947.5636030319138,950.0180494367801,1197830
2023-05-05,952.7669677734375,959.4430496621573,950.2143076916002,956.2522695021142,1062645
2023-05-08,944.3236083984375,951.3433485098944,943.4891206584196,944.4708991398538,2676958
2023-05-09,940.00390625,949.2325888779429,932.1987546138134,944.3728328823441,6902170
2023-05-10,936.42041015625,942.4583724732902,934.260485266731,939.5621136389132,2180917
2023-05-11,943.5382080078125,946.3363126645733,934.6531246374043,936.4203139388827,1296607
2023-05-12,938.5802612304688,945.5508647243801,934.653147166743,943.489153810126,2014927
2023-05-15,935.6349487304688,938.3348397157874,930.7751329722936,935.6349487304688,1814239
2023-05-16,923.8045043945312,945.0108963199618,920.9082457946911,935.634923499297,2625163
2023-05-17,918.8955688476562,928.0751735516426,911.924905773039,924.0989827419747,2956985
2023-05-18,912.7103881835938,925.8171069264478,905.641571140806,925.8171069264478,3014019
2023-05-19,908.9795532226562,917.3738069017174,907.4578086109965,915.0175146544369,1309343
2023-05-22,920.3683471679688,925.5717616876838,906.0343438626487,908.9796796198092,1382485
2023-05-23,914.6248168945312,938.7766036912358,912.170370670659,920.4173339520711,3057684
2023-05-24,934.8004760742188,937.402153293841,915.6066573658153,918.4538391474476,2953574
2023-05-25,927.7806396484375,934.3585672792225,925.5225611873326,932.3950103699136,2331464
2023-05-26,952.2269897460938,958.903071551866,919.9264531734693,926.7498257232309,4137189
2023-05-29,950.8034057617188,955.5159306041405,929.155201697184,952.2760735201633,5344765
2023-05-30,942.1146240234375,949.8216211972715,938.874766960127,947.4162518892214,2624815
2023-05-31,957.5776977539062,961.4557350635771,943.2437546988028,947.4163135928648,5595631
2023-06-01,969.70263671875,972.4025275945412,957.2340377804956,961.9465625972756,3261906
2023-06-02,981.3858032226562,985.4111311847502,963.1247463737631,968.5736052784323,3734815
2023-06-05,990.369140625,999.1560708833007,980.3059101998141,987.031069490369,3629780
2023-06-06,995.3270263671875,997.4378741008952,985.7056090996207,990.516347694906,1632644
2023-06-07,996.1124877929688,998.9596695426862,991.5963304551481,996.5052231801735,1608613
2023-06-08,969.015380859375,997.4869573993161,965.3337114792101,996.5051788979388,3395935
2023-06-09,966.0209350585938,972.6479397140635,963.1246765949362,966.0700119973671,2306206
2023-06-12,967.49365234375,971.86257873253,963.1738028962585,969.8990216969439,593319
2023-06-13,970.0952758789062,977.8513497102668,967.5917527814172,971.9606789288797,2413311
2023-06-14,968.7208862304688,976.8696360338889,966.3155168506082,973.5315650671838,2139387
2023-06-15,970.3899536132812,976.6733004495636,967.7391395141116,970.4881075001732,2731724
2023-06-16,973.92431640625,976.5260535190782,969.2117913759823,971.9607593167212,3611214
2023-06-19,983.5457153320312,988.356454078486,975.6424101825747,977.0169240881349,1327862
2023-06-20,973.8751831054688,989.38727123046,971.5679677049869,989.2891173508665,1445688
2023-06-21,973.8261108398438,975.7405309621302,965.6773014123529,973.8751877798761,1396686
2023-06-22,972.2552490234375,978.0477662168619,969.1135457985803,969.1135457985803,5384143
2023-06-23,973.3843383789062,977.8023417767321,959.4921481698739,975.887861653073,1218237
2023-06-26,976.820556640625,985.5092726284113,973.3843317988782,975.8878550561211,2066932
2023-06-27,983.5457153320312,985.0674600626834,968.0336266063082,981.7294490281893,4647465
2023-06-28,1003.1812744140625,1006.8630037674795,976.8696222026523,976.8696222026523,5296330
2023-06-30,1032.438232421875,1035.7763032451364,1001.4631331577704,1003.1321685694012,4765060
2023-07-03,1013.8827514648438,1034.4510858373549,1011.2319970808089,1033.8129057534873,2338356
2023-07-04,1029.6893310546875,1034.6963773981224,1011.1336935739511,1021.049632380755,1549174
2023-07-05,1025.6639404296875,1038.4270607980088,1023.6513664330565,1035.7763068137604,1840716
2023-07-06,1023.504150390625,1037.3472041389352,1021.0497039868105,1021.0497039868105,2551103
2023-07-07,1016.8279418945312,1032.045508605365,1010.0046292754962,1014.6680771384936,1721224
2023-07-10,1025.95849609375,1031.849166884719,1012.3117514588046,1017.1224899072967,1221769
2023-07-11,1052.7120361328125,1055.1664824749269,1029.9348220163972,1032.831020761687,4369937
2023-07-12,1059.093505859375,1064.0023981229178,1050.502944398175,1055.4118366617179,5088473
2023-07-13,1056.0499267578125,1062.1860415650722,1052.171830292029,1062.1860415650722,1541690
2023-07-14,1053.399169921875,1060.3207561294555,1045.5940789609908,1060.2716192671585,2641580
2023-07-17,1057.9644775390625,1061.3516852393575,1050.9938742247555,1054.1355174563846,1254025
2023-07-18,1047.7049560546875,1059.2408534936646,1044.9559283010383,1058.798981258609,2238739
2023-07-19,1062.1370849609375,1066.2114898536138,1044.465071316955,1047.7049884234234,2311282
2023-07-20,1077.6492919921875,1084.37445135643,1062.5790146229385,1066.2606843310296,5218991
2023-07-21,1077.158447265625,1084.0799146956033,1070.4823046469842,1083.294563699661,1879610
2023-07-24,1080.3492431640625,1087.1725567972665,1072.5931679120154,1074.0658358771118,2130036
2023-07-25,1075.0965576171875,1089.774097752114,1070.9239991348034,1089.774097752114,1702900
2023-07-26,1091.7376708984375,1094.0939632220957,1074.1638121189108,1077.0601305455345,1321572
2023-07-27,1114.26953125,1134.297837888434,1095.9594569414621,1107.446218180997,6366612
2023-07-28,1121.757568359375,1127.0286371281484,1105.1068024914666,1113.284313587257,2677679
2023-07-31,1126.535888671875,1128.1122660376889,1110.377750065044,1123.1860116008431,1718336
2023-08-01,1126.5850830078125,1135.6494633653485,1119.2450119791074,1126.5358926252015,1448567
2023-08-02,1118.506103515625,1127.422672422361,1109.835847338137,1127.0777383855038,1731918
2023-08-03,1124.1712646484375,1152.4479170623158,1105.7963115097164,1113.5798175888665,8460399
2023-08-04,1122.1513671875,1128.112182723816,1104.5154738219533,1112.3481696901206,3527805
2023-08-07,1143.67919921875,1149.54139348598,1116.7818037423256,1122.1513725998768,3353219
2023-08-08,1131.70849609375,1147.4232001984221,1123.1367409067477,1145.0585739306323,3073468
2023-08-09,1135.79736328125,1142.201494569094,1123.4817261892426,1134.1716751311264,1306791
2023-08-10,1133.3341064453125,1140.821988888219,1126.7328535558697,1133.6296095398404,1443067
2023-08-11,1115.6488037109375,1134.023756574748,1113.8261136470483,1133.087816351905,1756630
2023-08-14,1117.5208740234375,1125.156568776518,1103.9736736550688,1114.318808481823,1824622
2023-08-16,1126.7822265625,1128.6049166908692,1105.303708630136,1118.210471488992,1224080
2023-08-17,1127.915283203125,1132.0039782395268,1120.722903494721,1126.782220609351,1964341
2023-08-18,1118.1612548828125,1132.34889169909,1112.3482505998375,1124.1712612350882,1473774
2023-08-21,1120.6243896484375,1127.0285204523448,1110.5255679961224,1113.2841983343365,941384
2023-08-22,1120.7723388671875,1130.0829128397295,1113.3336456049647,1118.2599006740131,1438879
2023-08-23,1107.1263427734375,1113.7767860754304,1094.2195805672497,1111.362969577474,3050418
2023-08-24,1101.80615234375,1116.3877938031085,1096.7812764340165,1107.0279100597122,1575291
2023-08-25,1089.983154296875,1106.7324201426777,1084.0223380496777,1101.51054209456,1515282
2023-08-28,1100.5252685546875,1107.569836628509,1088.850069303049,1093.6778228251712,1959645
2023-08-29,1095.2049560546875,1108.456653785589,1090.1308894966069,1108.456653785589,1749707
2023-08-30,1098.456298828125,1102.643615329865,1094.1211706311688,1101.0179272222704,1543173
2023-08-31,1095.2049560546875,1102.348025599297,1085.4509473811731,1102.348025599297,4782404
2023-09-01,1092.6431884765625,1101.0178206695748,1089.441123226293,1095.5989410152727,2715249
2023-09-04,1092.544677734375,1097.569432951542,1085.7464229017946,1097.569432951542,1205294
2023-09-05,1115.20556640625,1119.2450712184652,1090.8697959528579,1093.6285467011412,1698118
2023-09-06,1125.5013427734375,1132.0532853194725,1112.397577951253,1120.2302745067364,2960249
2023-09-07,1116.338623046875,1124.6146347074796,1111.9541842122628,1123.1860689557986,1863837
2023-09-08,1113.77685546875,1121.2648586838047,1111.855664280872,1116.2892934251022,1789037
2023-09-11,1120.1317138671875,1123.1859674439804,1109.0968322005472,1113.776773731564,2032253
2023-09-12,1128.358642578125,1136.7825862495329,1120.3288233379328,1125.2058876681813,3989578
2023-09-13,1131.80712890625,1139.6398265434946,1125.4523078247046,1132.0534416655332,2115524
2023-09-14,1126.9300537109375,1133.9253112094877,1121.9544884423817,1131.8069976712939,2065163
2023-09-15,1132.8414306640625,1136.7824339083002,1127.126927851968,1127.126927851968,2404169
2023-09-18,1130.72314453125,1139.935215781995,1125.6983893281051,1132.0532091041594,962842
2023-09-20,1136.14208984375,1138.9500308311822,1122.2007656719002,1131.0680236974024,2303191
2023-09-21,1129.245361328125,1139.8859990580575,1124.319106748558,1132.0533023845007,2088934
2023-09-22,1115.6488037109375,1131.0680039511822,1111.658609831053,1125.6491241413116,1585418
2023-09-25,1107.4713134765625,1120.0332623520128,1105.1066872813244,1109.5895066788682,1009279
2023-09-26,1109.2447509765625,1113.3335664471385,1102.0031805939154,1108.4073117283458,1966198
2023-09-27,1123.1365966796875,1128.9989110772235,1106.6336458483415,1109.5402078581737,2332018
2023-09-28,1115.599609375,1135.0090034263344,1112.2004217080182,1126.092434935562,2685663
2023-09-29,1141.5609130859375,1150.1818579606017,1117.5700791172762,1117.5700791172762,2288577
2023-10-03,1124.6146240234375,1144.812268054007,1122.447120089088,1142.4477620419489,1946966
2023-10-04,1107.2249755859375,1122.2007406989007,1096.5842180841762,1121.3139908621072,1803871
2023-10-05,1102.59423828125,1112.0034323147697,1095.4019790026946,1108.0624287857368,2348562
2023-10-06,1110.67333984375,1115.451782448976,1106.5352140800385,1111.3629673360952,1056281
2023-10-09,1106.486083984375,1117.0775312802848,1092.643260573394,1094.613762395889,1080276
2023-10-10,1109.8851318359375,1113.7276343756314,1103.2839989556082,1105.4515028139563,1092093
2023-10-11,1112.1019287109375,1117.717810608435,1105.796299036806,1111.3629905523255,1456045
2023-10-12,1113.7276611328125,1115.8459746592948,1104.663280530394,1112.3482857944132,1221965
2023-10-13,1128.4078369140625,1130.27971729707,1105.4514441984256,1109.4909485947294,1934884
2023-10-16,1118.555419921875,1130.3291203325284,1116.3386053472416,1124.6639275306875,1144308
2023-10-17,1120.033203125,1127.126961065714,1117.27445266479,1121.8558931251953,798807
2023-10-18,1136.388427734375,1144.6645594621127,1117.3238466112969,1120.2302886982939,2178517
2023-10-19,1124.663818359375,1133.038450383952,1118.2596879876396,1130.476822289233,1765065
2023-10-20,1125.353515625,1128.112266218028,1116.3877566024842,1121.2155100053415,957910
2023-10-23,1105.8948974609375,1132.250360772415,1101.5105787750229,1118.2598451785786,702730
2023-10-25,1103.776611328125,1113.0378734039882,1096.3872297123514,1108.4072423660566,1800673
2023-10-26,1087.4212646484375,1101.4610886103642,1081.3127577694434,1099.4905870016728,2223975
2023-10-27,1094.909423828125,1103.284056864768,1091.3132338231178,1095.59905138201,1250965
2023-10-30,1098.751708984375,1103.431650560943,1087.5691357974993,1099.2443344134874,1078813
2023-10-31,1072.5440673828125,1103.0868441920543,1052.5927373703241,1102.939032508356,6475786
2023-11-01,1099.7369384765625,1115.8458859114728,1066.6325343373471,1075.8939162787035,3973264
2023-11-02,1116.141357421875,1120.7721083964725,1094.2195268725193,1111.2151033658402,3454692
2023-11-03,1124.2698974609375,1128.8020280287865,1114.8115118693618,1121.7082689025792,1741756
2023-11-06,1133.0384521484375,1134.0237029763928,1123.185943868886,1123.2844448977062,1428537
2023-11-07,1153.6795654296875,1156.2413141458774,1129.6395381814755,1132.0533549295474,1811831
2023-11-08,1159.3447265625,1165.453354518567,1153.7288443435912,1157.6698480817417,1702301
2023-11-09,1158.8521728515625,1165.7982404781105,1149.6401000972,1163.581425738135,1849169
2023-11-10,1161.9556884765625,1164.0740020815144,1152.8421171526065,1156.7339305826092,957539
2023-11-13,1160.4285888671875,1170.0347853966514,1156.4382745085318,1162.6945938352817,816825
2023-11-15,1163.4827880859375,1166.931166165463,1153.7287803213026,1162.1034128001506,2246320
2023-11-16,1172.0052490234375,1177.2763172521707,1162.20193046656,1164.5665566660516,2205723
2023-11-17,1176.980712890625,1180.7247144561297,1170.4287702859347,1172.251580685125,891965
2023-11-20,1170.4781494140625,1180.576971831145,1167.7687092533818,1178.3601571542245,1054810
2023-11-21,1183.680419921875,1187.227299001846,1168.7538451792032,1171.4632850731907,999135
2023-11-22,1186.340576171875,1196.8828328885907,1181.3158206717019,1187.2273260295253,1401782
2023-11-23,1181.1187744140625,1192.0550348629208,1177.1284603388601,1185.7987159805907,1177434
2023-11-24,1177.818115234375,1191.759439226696,1175.2072966208386,1182.301054841937,1376695
2023-11-28,1173.7786865234375,1182.6459450076752,1172.2023090691066,1179.4931900990136,886708
2023-11-29,1184.468505859375,1191.6608850636173,1167.0296141859071,1174.3696847995138,1813462
2023-11-30,1207.769775390625,1212.9916531980168,1174.7638706866285,1174.7638706866285,4672807
2023-12-01,1213.0902099609375,1223.533845785608,1206.9323916362628,1214.8637097463995,1749751
2023-12-04,1212.99169921875,1221.711145842763,1202.4987528234615,1219.0017058015794,1615837
2023-12-05,1221.267822265625,1225.258016317511,1202.5480548427734,1207.8191231947042,930042
2023-12-06,1222.0560302734375,1239.4457341426937,1215.1100830190742,1230.135160479866,1704590
2023-12-07,1221.021484375,1223.5831126524151,1210.7748509954542,1212.8438538245248,1478355
2023-12-08,1217.572998046875,1229.1988854328379,1212.4989323258137,1217.8193107491606,1612113
2023-12-11,1223.0904541015625,1227.967397800228,1197.1783081119831,1217.7700753494576,1172972
2023-12-12,1200.0355224609375,1231.5635493236223,1194.764454523808,1230.5782984841633,2832873
2023-12-13,1214.912841796875,1221.3169725470418,1194.7645093139195,1200.3312008661178,2448178
2023-12-14,1213.139404296875,1221.612537445226,1206.193337784691,1220.7257876375188,2341190
2023-12-15,1217.52392578125,1228.1153740532698,1214.814485525617,1222.696493542004,3474624
2023-12-18,1234.2730712890625,1249.1996465543982,1215.7996168195596,1217.5238059033798,2135393
2023-12-19,1226.5880126953125,1249.2487825242013,1218.2626910183035,1246.1453385244101,2187458
2023-12-20,1213.9769287109375,1236.489887874435,1210.3314281943162,1236.489887874435,1837031
2023-12-21,1215.3070068359375,1219.691325311217,1190.725044550251,1206.0456241567003,1916222
2023-12-22,1225.3072509765625,1232.5488207133485,1217.8193685258052,1221.7110612986028,2058127
2023-12-26,1229.1004638671875,1231.563591049286,1221.021454817857,1225.307272060732,1796483
2023-12-27,1233.9774169921875,1236.8839792511633,1222.942655240169,1231.563600443272,2005268
2023-12-28,1243.534423828125,1245.9975510312588,1231.120286778307,1236.4405453211698,2043365
2023-12-29,1240.8741455078125,1253.189781237851,1234.0760108007353,1243.4850843365566,1840160
